Date,Open,Close,High,Low,Volume,MA1,MA2
2017-01-12,20.28,20.209,20.28,20.2,2200,NaN,NaN
2017-01-13,20.18,20.21,20.24,20.15,30600,NaN,NaN
2017-01-17,20.15,20.05,20.15,20.03,53100,NaN,NaN
2017-01-18,20.08,20.02,20.08,20.01,25100,NaN,NaN
2017-01-19,20.11,20.07,20.11,20.03,72700,NaN,NaN
2017-01-20,20.15,20.08,20.15,20.07,12100,NaN,NaN
2017-01-23,20.16,20.126,20.16,20.05,40700,NaN,NaN
2017-01-24,20.33,20.43,20.45,20.31,17500,NaN,NaN
2017-01-25,20.52,20.54,21.16,20.49,26300,NaN,NaN
2017-01-26,20.59,20.53,20.62,20.52,66100,NaN,NaN
2017-01-27,20.37,20.37,20.37,20.37,38000,NaN,NaN
2017-01-30,21.26,20.14,21.26,20.07,11600,NaN,NaN
2017-01-31,20.11,20.14,20.14,20.05,42000,NaN,NaN
2017-02-01,20.16,20.19,20.19,20.11,45600,NaN,NaN
2017-02-02,20.19,20.22,20.26,20.19,24300,NaN,NaN
2017-02-03,20.16,20.26,21.22,20.16,56400,NaN,NaN
2017-02-06,20.25,20.2,20.25,20.19,35400,NaN,NaN
2017-02-07,20.16,20.11,20.17,20.05,47700,NaN,NaN
2017-02-08,20,20.19,20.19,20,17800,NaN,NaN
2017-02-09,20.26,20.36,20.37,20.26,68900,NaN,NaN
2017-02-10,20.42,20.5,20.53,20.42,29300,NaN,NaN
2017-02-13,20.58,20.565,20.61,20.55,31900,NaN,NaN
2017-02-14,20.55,20.57,20.59,20.44,26100,NaN,NaN
2017-02-15,20.72,20.85,20.88,20.7,29200,NaN,NaN
2017-02-16,20.84,20.79,20.84,20.77,22500,NaN,NaN
2017-02-17,20.69,20.72,20.73,20.681,10700,NaN,NaN
2017-02-21,20.904,20.91,20.916,20.88,26500,NaN,NaN
2017-02-22,20.83,20.88,20.892,20.821,23700,NaN,NaN
2017-02-23,20.94,20.8,20.94,20.751,26800,NaN,NaN
2017-02-24,20.62,20.66,20.67,20.57,22500,NaN,NaN
2017-02-27,20.67,20.74,20.76,20.67,21200,NaN,NaN
2017-02-28,21.2,20.57,21.2,20.539,11000,NaN,NaN
2017-03-01,20.84,20.96,20.96,20.84,21000,NaN,NaN
2017-03-02,20.91,20.83,20.91,20.81,46200,NaN,NaN
2017-03-03,20.81,20.83,20.83,20.77,25200,NaN,NaN
2017-03-06,20.79,20.77,20.79,20.704,17000,NaN,NaN
2017-03-07,20.71,20.684,20.72,20.68,19400,NaN,NaN
2017-03-08,20.76,20.64,20.76,20.64,24200,NaN,NaN
2017-03-09,20.73,20.61,20.73,20.6,14200,NaN,NaN
2017-03-10,20.78,20.74,20.87,20.665,32500,NaN,NaN
2017-03-13,20.96,20.91,20.96,20.89,12200,NaN,NaN
2017-03-14,20.8,20.85,20.865,20.74,11100,NaN,NaN
2017-03-15,20.95,21.156,21.156,20.94,19500,NaN,NaN
2017-03-16,21.27,21.152,21.28,21.13,11900,NaN,NaN
2017-03-17,21.13,21.1,21.14,21.09,17500,NaN,NaN
2017-03-20,21.12,21.16,21.17,21.1,15000,NaN,NaN
2017-03-21,21.24,20.72,21.24,20.714,16100,NaN,NaN
2017-03-22,20.64,20.73,20.75,20.58,15500,NaN,NaN
2017-03-23,20.73,20.74,20.81,20.73,16800,NaN,NaN
2017-03-24,20.77,20.797,20.825,20.77,9900,NaN,NaN
2017-03-27,20.65,20.74,20.75,20.515,12700,20.578,NaN
2017-03-28,20.8,20.941,20.95,20.8,10700,20.593,NaN
2017-03-29,20.99,21.13,21.13,20.99,13700,20.614,NaN
2017-03-30,21.11,21.04,21.13,21.04,10800,20.635,NaN
2017-03-31,21,21.08,21.08,21,19100,20.655,NaN
2017-04-03,21.13,21.07,21.13,20.874,12400,20.675,NaN
2017-04-04,20.939,21.01,21.02,20.92,22000,20.693,NaN
2017-04-05,21.19,20.94,21.19,20.94,16400,20.703,NaN
2017-04-06,20.92,21.06,21.086,20.92,18600,20.713,NaN
2017-04-07,21,20.97,21.03,20.94,10500,20.722,NaN
2017-04-10,21.16,21.12,21.19,21.08,17600,20.737,NaN
2017-04-11,21.06,21.09,21.115,20.95,11300,20.756,NaN
2017-04-12,21.15,21.02,21.15,21.02,13600,20.774,NaN
2017-04-13,21.07,20.89,21.07,20.86,29300,20.788,NaN
2017-04-17,21,21.09,21.09,20.93,6500,20.805,NaN
2017-04-18,21.09,20.95,21.09,20.914,18000,20.819,NaN
2017-04-19,21.06,20.906,21.12,20.9,14200,20.833,NaN
2017-04-20,20.98,21.156,21.16,20.98,15900,20.854,NaN
2017-04-21,21.2,21.13,21.2,21.105,16700,20.873,NaN
2017-04-24,21.36,21.363,21.39,21.343,4400,20.893,NaN
2017-04-25,21.53,21.64,21.66,21.53,17200,20.915,NaN
2017-04-26,21.56,21.54,21.61,21.526,35000,20.935,NaN
2017-04-27,21.54,21.5,21.54,21.418,14100,20.954,NaN
2017-04-28,21.69,21.52,21.69,21.51,29000,20.967,NaN
2017-05-01,21.61,21.68,21.699,21.57,6600,20.985,NaN
2017-05-02,21.83,21.65,21.83,21.63,21600,21.003,NaN
2017-05-03,21.713,21.73,21.74,21.673,16900,21.02,NaN
2017-05-04,21.74,21.67,21.74,21.587,13600,21.036,NaN
2017-05-05,21.775,21.92,21.92,21.775,13300,21.058,NaN
2017-05-08,22,22.03,22.03,21.93,16400,21.085,NaN
2017-05-09,22.16,22.16,22.2,22.13,39100,21.114,NaN
2017-05-10,22.191,22.34,22.39,22.191,10400,21.149,NaN
2017-05-11,22.26,22.34,22.37,22.16,24400,21.177,NaN
2017-05-12,22.42,22.48,22.48,22.398,13400,21.21,NaN
2017-05-15,22.59,22.52,22.62,22.51,11800,21.244,NaN
2017-05-16,22.61,22.66,22.68,22.58,20400,21.281,NaN
2017-05-17,22.47,22.09,22.47,22.09,30600,21.309,NaN
2017-05-18,22.01,22.04,22.136,21.77,33200,21.337,NaN
2017-05-19,22.31,22.49,22.52,22.31,16800,21.375,NaN
2017-05-22,22.61,22.64,22.68,22.59,18500,21.413,NaN
2017-05-23,22.73,22.64,22.73,22.593,14000,21.448,NaN
2017-05-24,22.65,22.57,22.65,22.496,29400,21.482,NaN
2017-05-25,22.69,22.55,22.71,22.53,27300,21.51,NaN
2017-05-26,22.63,22.58,22.63,22.54,18400,21.538,NaN
2017-05-30,22.51,22.33,22.51,22.33,7900,21.563,NaN
2017-05-31,22.24,22.134,22.24,22.05,19500,21.583,NaN
2017-06-01,22.36,22.46,22.47,22.21,31600,21.617,NaN
2017-06-02,22.51,22.49,22.51,22.44,17000,21.653,NaN
2017-06-05,22.48,22.49,22.53,22.45,22100,21.688,NaN
2017-06-06,22.5,22.47,22.53,22.399,19000,21.721,NaN
2017-06-07,22.6,22.58,22.62,22.5,26100,21.758,NaN
2017-06-08,22.72,22.57,22.72,22.52,61300,21.79,NaN
2017-06-09,22.7,22.36,22.705,22.295,20500,21.815,NaN
2017-06-12,22.31,22.23,22.37,22.19,17600,21.839,NaN
2017-06-13,22.47,22.4,22.47,22.35,13500,21.865,NaN
2017-06-14,22.51,22.23,22.51,22.21,16000,21.888,NaN
2017-06-15,22.05,22.01,22.05,21.897,12200,21.908,NaN
2017-06-16,22.11,22.17,22.17,22.107,27600,21.933,NaN
2017-06-19,22.35,22.45,22.469,22.35,20400,21.961,NaN
2017-06-20,22.25,22.1,22.25,22.085,9300,21.983,NaN
2017-06-21,22.12,22.128,22.14,22.048,8900,22.004,NaN
2017-06-22,22.09,22.19,22.23,22.05,12900,22.026,NaN
2017-06-23,22.18,22.31,22.32,22.18,15100,22.051,NaN
2017-06-26,22.47,22.31,22.52,22.25,8700,22.08,NaN
2017-06-27,22.29,22.14,22.34,22.12,9600,22.101,NaN
2017-06-28,22.23,22.31,22.347,22.09,13600,22.128,NaN
2017-06-29,22.36,22.16,22.36,21.99,18700,22.153,NaN
2017-06-30,22.2,22.27,22.29,22.12,9900,22.175,NaN
2017-07-03,22.38,22.3,22.38,22.3,5300,22.199,NaN
2017-07-05,22.21,22.358,22.36,22.2,12900,22.219,NaN
2017-07-06,22.27,22.084,22.27,22.084,10100,22.227,NaN
2017-07-07,22.14,22.18,22.21,22.06,12200,22.24,NaN
2017-07-10,22.37,22.45,22.49,22.37,18100,22.259,NaN
2017-07-11,22.49,22.55,22.55,22.42,7500,22.28,NaN
2017-07-12,22.71,22.9,22.91,22.71,6000,22.304,NaN
2017-07-13,22.92,22.98,22.981,22.92,7100,22.331,NaN
2017-07-14,23.01,23.14,23.14,23.01,7900,22.359,NaN
2017-07-17,23.17,23.06,23.17,23.02,12200,22.387,NaN
2017-07-18,23.038,23.2,23.2,23.038,20600,22.412,NaN
2017-07-19,23.309,23.425,23.468,23.285,10100,22.44,NaN
2017-07-20,23.48,23.39,23.48,23.362,21400,22.465,NaN
2017-07-21,23.34,23.39,23.39,23.3,8400,22.486,NaN
2017-07-24,23.408,23.47,23.47,23.39,14400,22.509,NaN
2017-07-25,23.46,23.49,23.52,23.41,22300,22.529,NaN
2017-07-26,23.52,23.636,23.7,23.52,12300,22.551,NaN
2017-07-27,23.71,23.42,23.71,23.29,15700,22.566,NaN
2017-07-28,23.42,23.45,23.45,23.42,3000,22.594,NaN
2017-07-31,23.35,23.423,23.423,23.35,12000,22.621,NaN
2017-08-01,23.42,23.35,23.43,23.34,14800,22.638,NaN
2017-08-02,23.33,23.18,23.33,23.07,23300,22.649,NaN
2017-08-03,23.126,23.1,23.126,23.078,10100,22.658,NaN
2017-08-04,23.14,23.159,23.17,23.078,12100,22.67,NaN
2017-08-07,23.17,23.298,23.328,23.17,11100,22.685,NaN
2017-08-08,23.36,23.27,23.5,23.27,19900,22.699,NaN
2017-08-09,23.2,23.19,23.21,23.16,9700,22.716,NaN
2017-08-10,23,22.85,23.04,22.84,18500,22.73,NaN
2017-08-11,22.76,22.86,22.89,22.76,19200,22.738,NaN
2017-08-14,23.06,23.065,23.11,23.02,13700,22.75,NaN
2017-08-15,23.08,23.109,23.111,23.007,19800,22.762,NaN
2017-08-16,23.27,23.125,23.28,23.124,17400,22.775,NaN
2017-08-17,23.13,22.92,23.13,22.92,19600,22.782,NaN
2017-08-18,22.85,22.92,23.01,22.75,15400,22.789,NaN
2017-08-21,22.87,22.93,22.94,22.87,22200,22.801,NaN
2017-08-22,23.1,23.26,23.26,23.1,36000,22.821,NaN
2017-08-23,23.18,23.36,23.4,23.16,20300,22.84,NaN
2017-08-24,23.4,23.32,23.4,23.26,14300,22.862,NaN
2017-08-25,23.34,23.08,23.35,23.08,24700,22.884,NaN
2017-08-28,23.08,22.86,23.08,22.83,34700,22.897,NaN
2017-08-29,22.64,22.923,22.923,22.64,15000,22.907,NaN
2017-08-30,22.99,23.12,23.15,22.97,23200,22.927,NaN
2017-08-31,23.2,23.33,23.376,23.2,31900,22.951,NaN
2017-09-01,23.5,23.52,23.534,23.47,16200,22.978,NaN
2017-09-05,23.47,23.267,23.49,23.26,14700,22.997,NaN
2017-09-06,23.38,23.42,23.43,23.355,9000,23.019,NaN
2017-09-07,23.45,23.54,23.54,23.44,16400,23.047,NaN
2017-09-08,23.41,23.32,23.41,23.32,11800,23.067,NaN
2017-09-11,23.49,23.69,23.7,23.49,20500,23.098,NaN
2017-09-12,23.87,23.94,23.95,23.8,33200,23.131,NaN
2017-09-13,23.93,24.102,24.14,23.93,12900,23.167,NaN
2017-09-14,24.07,24.18,24.24,24.07,10500,23.204,NaN
2017-09-15,24.17,24.19,24.23,24.16,26100,23.246,NaN
2017-09-18,24.31,24.24,24.31,24.21,14800,23.287,NaN
2017-09-19,24.34,24.335,24.353,24.275,19200,23.325,NaN
2017-09-20,24.45,24.46,24.47,24.31,30400,23.363,NaN
2017-09-21,24.32,24.45,24.48,24.31,9900,23.394,NaN
2017-09-22,24.45,24.43,24.45,24.39,8900,23.423,NaN
2017-09-25,24.39,24.08,24.39,24,46800,23.442,NaN
2017-09-26,24.155,24.095,24.21,24.05,12400,23.463,NaN
2017-09-27,24.19,24.31,24.34,24.144,16200,23.485,NaN
2017-09-28,24.25,24.278,24.32,24.22,10900,23.502,NaN
2017-09-29,24.35,24.43,24.46,24.35,20600,23.523,NaN
2017-10-02,24.54,24.54,24.54,24.47,11500,23.546,NaN
2017-10-03,24.65,24.65,24.66,24.595,16400,23.569,NaN
2017-10-04,24.66,24.58,24.66,24.53,42800,23.591,NaN
2017-10-05,24.636,24.64,24.67,24.58,20600,23.611,NaN
2017-10-06,24.61,24.674,24.69,24.61,15700,23.636,NaN
2017-10-09,24.67,24.67,24.73,24.67,12700,23.661,NaN
2017-10-10,24.72,24.77,24.79,24.72,495000,23.688,NaN
2017-10-11,24.732,24.852,24.852,24.732,78800,23.718,NaN
2017-10-12,24.87,24.74,24.87,24.72,18700,23.749,NaN
2017-10-13,24.77,24.783,24.859,24.77,17600,23.783,NaN
2017-10-16,24.86,24.98,24.98,24.83,30400,23.819,NaN
2017-10-17,24.89,24.79,24.909,24.79,47600,23.849,NaN
2017-10-18,24.985,24.91,25.035,24.91,16900,23.882,NaN
2017-10-19,24.79,24.72,24.809,24.69,26000,23.912,NaN
2017-10-20,24.89,24.84,24.96,24.84,47300,23.952,NaN
2017-10-23,24.89,24.67,24.89,24.67,42300,23.988,NaN
2017-10-24,24.7,24.68,24.77,24.674,40000,24.02,NaN
2017-10-25,24.72,24.517,24.759,24.43,30300,24.049,NaN
2017-10-26,24.52,24.44,24.52,24.39,10900,24.075,NaN
2017-10-27,24.69,25.06,25.07,24.68,56200,24.118,22.309
2017-10-30,24.985,24.98,25.111,24.96,21800,24.159,22.333
2017-10-31,25.03,25.187,25.19,25.028,28900,24.204,22.359
2017-11-01,25.29,25.32,25.399,25.273,7800,24.245,22.385
2017-11-02,25.41,25.28,25.41,25.21,39400,24.284,22.411
2017-11-03,25.35,25.355,25.43,25.22,21200,24.324,22.437
2017-11-06,25.36,25.74,25.74,25.36,21100,24.378,22.466
2017-11-07,25.81,25.6,25.81,25.49,38300,24.432,22.491
2017-11-08,25.54,25.554,25.6,25.426,75200,24.485,22.516
2017-11-09,25.49,25.45,25.49,25.23,39700,24.532,22.541
2017-11-10,25.34,25.28,25.34,25.244,9000,24.571,22.566
2017-11-13,25.26,25.266,25.338,25.239,231200,24.606,22.591
2017-11-14,25.15,25.1,25.186,25.02,65500,24.642,22.616
2017-11-15,25.05,25.07,25.14,24.87,211400,24.675,22.64
2017-11-16,25.26,25.42,25.45,25.25,68800,24.713,22.666
2017-11-17,25.6,25.49,25.6,25.45,30700,24.756,22.693
2017-11-20,25.56,25.54,25.579,25.474,11800,24.793,22.719
2017-11-21,25.58,25.63,25.68,25.58,44200,24.827,22.747
2017-11-22,25.79,25.63,25.83,25.6,41500,24.858,22.774
2017-11-24,25.74,25.59,25.74,25.55,5200,24.886,22.8
2017-11-27,25.59,25.48,25.62,25.46,23000,24.912,22.825
2017-11-28,25.5,25.54,25.599,25.41,25500,24.938,22.85
2017-11-29,25.61,25.445,25.62,25.33,50000,24.96,22.874
2017-11-30,25.44,25.396,25.53,25.16,139500,24.978,22.897
2017-12-01,25.407,25.253,25.407,25.18,6400,24.995,22.919
2017-12-04,25.62,25.19,25.62,25.19,10600,25.01,22.942
2017-12-05,25.169,25.12,25.318,25.12,17500,25.031,22.963
2017-12-06,25,25.129,25.18,25,10700,25.051,22.984
2017-12-07,25.09,25.296,25.334,25.09,571400,25.071,23.007
2017-12-08,25.48,25.364,25.48,25.34,23300,25.093,23.03
2017-12-11,25.35,25.44,25.49,25.35,26300,25.113,23.054
2017-12-12,25.36,25.288,25.36,25.25,102500,25.128,23.077
2017-12-13,25.387,25.27,25.387,25.26,33800,25.14,23.099
2017-12-14,25.21,25.17,25.26,25.15,25600,25.152,23.12
2017-12-15,25.15,25.21,25.308,25.15,89900,25.163,23.142
2017-12-18,25.66,25.71,25.786,25.559,21300,25.184,23.167
2017-12-19,25.79,25.7,25.79,25.65,41300,25.205,23.192
2017-12-20,26,25.863,26,25.72,25900,25.227,23.218
2017-12-21,26.011,26.16,26.21,26.009,31300,25.253,23.246
2017-12-22,26.15,26.16,26.19,26.1,11800,25.281,23.273
2017-12-26,26.12,26.12,26.169,26.03,18200,25.308,23.299
2017-12-27,26.13,26.18,26.239,26.13,14600,25.332,23.326
2017-12-28,26.23,26.22,26.31,26.181,15800,25.36,23.351
2017-12-29,26.29,26.24,26.34,26.22,52600,25.387,23.376
2018-01-02,26.46,26.745,26.75,26.46,30200,25.428,23.405
2018-01-03,26.885,27.05,27.06,26.885,45600,25.472,23.434
2018-01-04,27.08,27.16,27.21,27.07,147100,25.522,23.466
2018-01-05,27.16,27.34,27.379,27.16,61500,25.575,23.499
2018-01-08,27.34,27.428,27.475,27.34,43600,25.633,23.533
2018-01-09,27.52,27.55,27.625,27.435,42000,25.695,23.567
2018-01-10,27.45,27.52,27.615,27.4,43100,25.744,23.601
2018-01-11,27.52,27.72,27.74,27.52,30900,25.799,23.634
2018-01-12,27.78,27.96,27.96,27.78,44600,25.855,23.669
2018-01-16,28.37,27.83,28.37,27.725,38600,25.905,23.703
2018-01-17,27.8,27.91,28.02,27.63,72300,25.957,23.737
2018-01-18,27.99,27.88,28.029,27.85,18900,26.008,23.771
2018-01-19,28.033,28.02,28.033,27.88,215000,26.054,23.806
2018-01-22,27.98,28.1,28.13,27.91,34000,26.104,23.842
2018-01-23,28.11,28.208,28.227,28.03,76500,26.157,23.877
2018-01-24,28.37,28.44,28.538,28.265,42800,26.216,23.915
2018-01-25,28.65,28.51,28.66,28.41,24900,26.281,23.952
2018-01-26,28.676,28.88,28.88,28.67,72900,26.353,23.991
2018-01-29,28.72,28.52,28.74,28.51,56000,26.422,24.028
2018-01-30,28.23,28.12,28.23,27.95,71500,26.483,24.064
2018-01-31,28.19,28.102,28.37,27.99,32500,26.536,24.099
2018-02-01,27.82,27.89,28.113,27.8,132000,26.584,24.134
2018-02-02,27.71,27.07,27.71,27.07,69300,26.615,24.165
2018-02-05,26.61,26.05,27.07,25.91,110000,26.623,24.189
2018-02-06,25.57,26.56,26.62,25.43,131200,26.642,24.216
2018-02-07,26.36,26.19,26.608,26.19,65800,26.654,24.241
2018-02-08,26.34,25.16,26.34,25.16,41200,26.648,24.258
2018-02-09,25.41,25.37,25.522,24.554,29100,26.644,24.277
2018-02-12,25.77,25.94,26.03,25.55,155200,26.654,24.299
2018-02-13,25.84,26.089,26.122,25.84,174400,26.668,24.322
2018-02-14,25.95,26.71,26.79,25.95,16700,26.697,24.347
2018-02-15,27.14,27.065,27.15,26.912,30200,26.735,24.375
2018-02-16,26.96,27.04,27.24,26.96,28200,26.773,24.401
2018-02-20,26.8,27.05,27.19,26.8,13600,26.811,24.428
2018-02-21,27.17,27.16,27.579,27.16,22500,26.849,24.454
2018-02-22,27.29,27.04,27.309,27.04,37600,26.882,24.479
2018-02-23,27.24,27.505,27.505,27.2,16800,26.923,24.506
2018-02-26,27.6,27.63,27.695,27.44,29800,26.97,24.532
2018-02-27,27.5,27.24,27.555,27.23,24800,27.01,24.557
2018-02-28,27.295,27.01,27.348,27,47800,27.047,24.58
2018-03-01,27.01,26.54,27.078,26.381,27400,27.073,24.6
2018-03-02,26.2,26.48,26.48,26.03,28600,27.089,24.619
2018-03-05,26.37,26.79,26.826,26.35,22000,27.11,24.642
2018-03-06,27,26.97,27.06,26.836,20900,27.132,24.667
2018-03-07,26.78,27.1,27.15,26.78,46000,27.151,24.69
2018-03-08,27.2,27.17,27.2,27.055,8300,27.171,24.713
2018-03-09,27.35,27.61,27.62,27.35,16800,27.201,24.737
2018-03-12,27.78,27.67,27.792,27.6,19500,27.231,24.763
2018-03-13,27.79,27.29,27.79,27.25,34500,27.252,24.787
2018-03-14,27.45,27.32,27.47,27.242,26000,27.274,24.81
2018-03-15,27.43,27.29,27.47,27.24,26000,27.285,24.835
2018-03-16,27.25,27.26,27.31,27.21,13500,27.289,24.861
2018-03-19,27.15,26.86,27.15,26.68,38800,27.283,24.883
2018-03-20,27.05,27.15,27.16,27.03,19600,27.279,24.906
2018-03-21,27.17,27.18,27.3,27.1,12000,27.274,24.93
2018-03-22,26.91,26.29,26.91,26.29,41500,27.249,24.949
2018-03-23,26.39,25.785,26.39,25.77,150200,27.214,24.965
2018-03-26,26.19,26.38,26.43,25.86,20200,27.188,24.984
2018-03-27,26.65,25.82,26.65,25.76,53400,27.145,25.001
2018-03-28,25.68,25.57,25.79,25.46,21000,27.1,25.018
2018-03-29,25.66,25.96,26.03,25.6,23700,27.061,25.036
2018-04-02,25.66,25.368,25.66,25.15,29300,27.01,25.051
2018-04-03,25.53,25.52,25.64,25.28,18300,26.96,25.069
2018-04-04,25.1,25.76,25.836,25.1,34300,26.914,25.087
2018-04-05,26.106,26.13,26.21,26,35200,26.872,25.105
2018-04-06,25.857,25.71,26.057,25.55,22300,26.817,25.123
2018-04-09,25.93,25.77,26.139,25.77,22000,26.763,25.141
2018-04-10,26.29,26.28,26.32,25.99,29100,26.711,25.162
2018-04-11,26.15,26.15,26.34,26.15,32900,26.663,25.181
2018-04-12,26.29,26.35,26.41,26.27,23500,26.628,25.201
2018-04-13,26.37,26.09,26.37,25.968,30900,26.588,25.221
2018-04-16,26.025,26.17,26.213,26.02,27800,26.553,25.24
2018-04-17,26.26,26.45,26.52,26.25,34200,26.541,25.262
2018-04-18,26.52,26.61,26.68,26.41,28500,26.552,25.283
2018-04-19,26.69,26.63,26.768,26.57,34100,26.553,25.305
2018-04-20,26.59,26.43,26.59,26.41,19800,26.558,25.325
2018-04-23,26.48,26.18,26.482,26.17,34300,26.579,25.346
2018-04-24,26.45,25.96,26.45,25.83,41000,26.59,25.365
2018-04-25,25.91,25.83,25.91,25.64,12400,26.588,25.382
2018-04-26,26.15,26.16,26.27,26.049,46400,26.59,25.4
2018-04-27,26.391,26.25,26.391,26.16,17500,26.58,25.417
2018-04-30,26.33,26.17,26.38,26.129,10000,26.563,25.432
2018-05-01,26.045,26.13,26.18,25.95,36900,26.544,25.447
2018-05-02,26.18,26.12,26.378,26.11,10700,26.526,25.463
2018-05-03,26.05,25.83,26.05,25.491,8700,26.499,25.476
2018-05-04,25.78,26.12,26.175,25.771,8600,26.481,25.489
2018-05-07,26.47,26.35,26.48,26.3,12200,26.458,25.504
2018-05-08,26.29,26.38,26.42,26.28,40500,26.433,25.519
2018-05-09,26.59,26.58,26.645,26.46,57700,26.419,25.535
2018-05-10,26.798,26.91,26.969,26.74,23900,26.417,25.552
2018-05-11,26.97,26.79,26.97,26.786,32100,26.422,25.568
2018-05-14,26.86,26.9,27.06,26.86,30600,26.431,25.585
2018-05-15,26.84,26.9,26.978,26.789,124900,26.433,25.602
2018-05-16,27.015,27.09,27.2,27.005,25300,26.435,25.621
2018-05-17,27.03,27.08,27.238,27.003,38300,26.435,25.639
2018-05-18,27.02,26.9,27.02,26.9,21400,26.43,25.658
2018-05-21,27.22,27.13,27.22,27.09,13900,26.42,25.678
2018-05-22,27.3,27.08,27.31,27.08,25600,26.408,25.698
2018-05-23,26.967,27.128,27.13,26.93,11900,26.405,25.717
2018-05-24,27.12,26.988,27.136,26.87,94000,26.398,25.735
2018-05-25,27.021,26.92,27.021,26.887,18300,26.391,25.754
2018-05-29,26.73,26.4,26.73,26.275,37500,26.374,25.772
2018-05-30,26.548,26.66,26.7,26.5,28000,26.37,25.791
2018-05-31,26.689,26.6,26.709,26.549,38200,26.359,25.808
2018-06-01,26.84,26.88,26.93,26.75,37600,26.353,25.827
2018-06-04,27.02,27.03,27.06,26.953,18900,26.368,25.847
2018-06-05,27.05,27,27.07,26.94,21100,26.392,25.867
2018-06-06,27.15,27.29,27.29,27.099,21500,26.41,25.889
2018-06-07,27.3,27.17,27.305,27.007,34500,26.437,25.91
2018-06-08,27.23,27.22,27.294,27.07,91000,26.47,25.93
2018-06-11,27.29,27.234,27.29,27.174,52100,26.496,25.949
2018-06-12,27.28,27.31,27.385,27.188,88700,26.534,25.969
2018-06-13,27.31,27.11,27.34,27.11,74600,26.566,25.989
2018-06-14,27.26,27.17,27.27,27.13,47900,26.594,26.011
2018-06-15,27.03,26.995,27.08,26.9,18400,26.612,26.031
2018-06-18,26.89,27,27.05,26.79,31000,26.638,26.051
2018-06-19,26.67,26.835,26.84,26.51,128600,26.659,26.068
2018-06-20,26.917,26.9,26.955,26.871,24400,26.671,26.085
2018-06-21,26.8,26.63,26.84,26.53,79600,26.681,26.102
2018-06-22,26.97,26.75,26.97,26.67,37800,26.689,26.119
2018-06-25,26.62,26.1,26.62,25.971,59800,26.689,26.131
2018-06-26,26.13,26.13,26.242,26.04,27300,26.688,26.145
2018-06-27,26.24,25.9,26.319,25.88,57000,26.677,26.157
2018-06-28,25.88,26.06,26.11,25.695,22000,26.666,26.167
2018-06-29,26.399,26.3,26.502,26.277,65700,26.66,26.178
2018-07-02,25.931,26.14,26.148,25.931,72300,26.654,26.188
2018-07-03,26.18,26.033,26.259,26.033,9500,26.651,26.197
2018-07-05,26.22,26.14,26.22,26.04,27000,26.654,26.207
2018-07-06,26.14,26.465,26.481,26.1,11200,26.667,26.217
2018-07-09,26.67,26.82,26.83,26.64,26100,26.68,26.229
2018-07-10,26.851,26.81,26.899,26.759,23100,26.692,26.241
2018-07-11,26.55,26.49,26.715,26.47,26500,26.698,26.251
2018-07-12,26.71,26.8,26.818,26.64,14300,26.711,26.265
2018-07-13,26.79,26.819,26.89,26.725,18600,26.725,26.278
2018-07-16,26.76,26.775,26.798,26.67,34000,26.744,26.291
2018-07-17,26.7,26.927,26.999,26.7,30400,26.76,26.304
2018-07-18,26.843,26.94,27.004,26.843,17500,26.772,26.317
2018-07-19,26.76,26.695,26.798,26.65,42200,26.778,26.327
2018-07-20,26.897,26.81,26.897,26.752,25600,26.783,26.338
2018-07-23,26.7,26.81,26.84,26.69,16500,26.781,26.349
2018-07-24,27.09,27.06,27.31,26.987,39400,26.786,26.361
2018-07-25,27,27.425,27.425,27,71600,26.797,26.375
2018-07-26,27.25,27.043,27.25,27,65100,26.8,26.387
2018-07-27,27.16,26.88,27.192,26.827,14800,26.796,26.398
2018-07-30,26.94,26.69,26.94,26.61,20000,26.788,26.407
2018-07-31,26.71,26.691,26.778,26.59,42400,26.784,26.416
2018-08-01,26.68,26.58,26.81,26.53,25000,26.773,26.425
2018-08-02,26.32,26.58,26.59,26.32,16800,26.763,26.433
2018-08-03,26.67,26.65,26.78,26.63,22000,26.753,26.443
2018-08-06,26.66,26.736,26.8,26.66,12700,26.748,26.452
2018-08-07,26.98,26.96,27.1,26.96,32200,26.749,26.463
2018-08-08,26.88,26.96,26.97,26.864,32700,26.76,26.474
2018-08-09,26.98,26.77,26.98,26.76,20100,26.762,26.484
2018-08-10,26.56,26.54,26.6,26.45,33000,26.761,26.493
2018-08-13,26.49,26.33,26.595,26.28,16200,26.75,26.503
2018-08-14,26.4,26.36,26.4,26.25,15700,26.737,26.512
2018-08-15,25.84,25.69,25.84,25.41,58000,26.71,26.515
2018-08-16,25.81,25.89,26.04,25.81,10400,26.682,26.52
2018-08-17,25.83,26,26.019,25.75,26700,26.659,26.524
2018-08-20,26.06,26.14,26.24,26.06,38500,26.637,26.528
2018-08-21,26.31,26.19,26.341,26.19,23200,26.617,26.533
2018-08-22,26.21,26.35,26.38,26.21,20400,26.597,26.538
2018-08-23,26.41,26.06,26.444,26.06,81500,26.576,26.539
2018-08-24,26.25,26.263,26.318,26.17,22900,26.558,26.542
2018-08-27,26.36,26.65,26.65,26.36,41200,26.551,26.548
2018-08-28,26.63,26.52,26.67,26.509,21400,26.542,26.553
2018-08-29,26.66,26.72,26.77,26.52,20500,26.539,26.56
2018-08-30,26.45,26.32,26.53,26.23,22400,26.528,26.566
2018-08-31,26.19,26.24,26.298,26.15,67300,26.52,26.571
2018-09-04,26.05,25.85,26.05,25.741,242500,26.502,26.575
2018-09-05,25.69,25.45,25.69,25.368,38600,26.489,26.576
2018-09-06,25.49,25.23,25.49,25.113,24000,26.471,26.574
2018-09-07,25.21,25.16,25.29,25.139,58000,26.456,26.572
2018-09-10,25.23,25.098,25.23,25.056,17200,26.437,26.57
2018-09-11,24.84,25.18,25.25,24.83,83700,26.415,26.567
2018-09-12,25.2,25.17,25.266,25.024,23000,26.395,26.565
2018-09-13,25.37,25.32,25.55,25.31,17300,26.381,26.564
2018-09-14,25.46,25.45,25.541,25.34,17700,26.367,26.564
2018-09-17,25.25,25.19,25.28,25.19,13900,26.342,26.563
2018-09-18,25.286,25.291,25.326,25.25,17500,26.311,26.562
2018-09-19,25.31,25.665,25.685,25.31,11400,26.288,26.564
2018-09-20,25.84,25.875,25.899,25.77,38500,26.276,26.568
2018-09-21,26.02,25.86,26.02,25.84,16200,26.257,26.571
2018-09-24,25.68,25.58,25.72,25.57,29800,26.232,26.574
2018-09-25,25.61,25.7,25.71,25.61,22700,26.211,26.576
2018-09-26,25.76,25.62,25.884,25.62,26800,26.185,26.577
2018-09-27,25.742,25.74,25.869,25.72,19700,26.161,26.578
2018-09-28,25.51,25.66,25.78,25.51,12800,26.14,26.58
2018-10-01,25.86,25.56,25.86,25.55,11100,26.115,26.582
2018-10-02,25.37,25.19,25.37,25.18,35400,26.083,26.582
2018-10-03,25.45,25.2,25.45,25.176,45500,26.045,26.582
2018-10-04,25.11,24.81,25.11,24.67,28900,25.993,26.577
2018-10-05,24.74,24.561,24.92,24.425,12500,25.943,26.572
2018-10-08,24.39,24.49,24.529,24.25,13300,25.896,26.565
2018-10-09,24.27,24.39,24.511,24.27,33800,25.85,26.556
2018-10-10,24.2,23.41,24.21,23.41,137900,25.784,26.542
2018-10-11,23.37,23.09,23.551,22.98,156100,25.714,26.527
2018-10-12,23.66,23.58,23.68,23.339,37400,25.654,26.514
2018-10-15,23.46,23.46,23.634,23.345,38100,25.59,26.5
2018-10-16,23.6,23.95,23.96,23.6,27900,25.535,26.489
2018-10-17,23.751,23.74,23.8,23.568,50600,25.47,26.474
2018-10-18,23.53,23.23,23.58,23.13,24700,25.396,26.455
2018-10-19,23.41,23.29,23.52,23.21,157000,25.326,26.435
2018-10-22,23.55,23.35,23.55,23.32,15800,25.262,26.415
2018-10-23,22.79,23.02,23.1,22.61,245900,25.196,26.393
2018-10-24,22.96,21.995,23.01,21.986,160600,25.109,26.366
2018-10-25,22.2,22.55,22.71,22.2,14800,25.046,26.341
2018-10-26,22.01,22.17,22.49,21.95,38700,24.972,26.313
2018-10-29,22.45,21.67,22.45,21.61,33100,24.885,26.281
2018-10-30,21.65,22.03,22.03,21.63,28800,24.803,26.252
2018-10-31,22.31,22.55,22.66,22.31,27600,24.73,26.226
2018-11-01,22.73,23.11,23.11,22.6,19100,24.665,26.202
2018-11-02,23.29,22.96,23.343,22.869,59800,24.603,26.177
2018-11-05,23.01,22.956,23.01,22.847,11800,24.537,26.151
2018-11-06,23.04,22.95,23.05,22.9,21500,24.463,26.125
2018-11-07,23.21,23.39,23.39,23.14,133200,24.4,26.099
2018-11-08,23.17,22.99,23.28,22.95,44000,24.326,26.072
2018-11-09,22.81,22.62,22.81,22.51,270900,24.252,26.04
2018-11-12,22.38,22.14,22.4,22.14,19700,24.17,26.008
2018-11-13,22.25,22.3,22.65,22.25,222400,24.099,25.979
2018-11-14,22.59,22.38,22.69,22.33,45300,24.037,25.951
2018-11-15,22.29,22.65,22.749,22.281,68700,23.986,25.925
2018-11-16,22.59,22.51,22.59,22.301,85700,23.933,25.902
2018-11-19,22.31,21.94,22.31,21.9,55800,23.87,25.881
2018-11-20,21.59,21.42,21.596,21.294,88200,23.794,25.856
2018-11-21,21.61,21.71,21.889,21.61,13300,23.725,25.833
2018-11-23,21.56,21.53,21.61,21.53,5200,23.649,25.815
2018-11-26,21.96,21.94,22.013,21.81,48200,23.579,25.798
2018-11-27,21.85,21.85,21.92,21.805,192600,23.512,25.777
2018-11-28,22.06,22.42,22.44,21.872,45800,23.455,25.759
2018-11-29,22.309,22.32,22.43,22.18,121900,23.388,25.737
2018-11-30,22.22,22.37,22.386,22.22,51200,23.318,25.714
2018-12-03,22.98,22.99,23.109,22.84,53900,23.261,25.693
2018-12-04,22.98,22.18,22.98,22.135,114700,23.193,25.669
2018-12-06,21.7,21.99,22.013,21.48,97300,23.118,25.643
2018-12-07,22.13,21.51,22.26,21.5,43500,23.036,25.616
2018-12-10,21.45,21.347,21.475,21.036,93800,22.948,25.585
2018-12-11,21.64,21.3,21.64,21.174,324500,22.861,25.553
2018-12-12,21.59,21.68,21.888,21.59,88200,22.784,25.525
2018-12-13,21.74,21.53,21.74,21.42,83800,22.71,25.498
2018-12-14,21.22,21.07,21.35,21.03,45800,22.628,25.471
2018-12-17,21.04,20.64,21.15,20.61,43900,22.544,25.441
2018-12-18,20.87,20.76,21.007,20.661,131800,22.468,25.411
2018-12-19,20.77,20.31,20.994,20.18,235100,22.385,25.378
2018-12-20,20.28,20.059,20.44,19.92,237500,22.298,25.343
2018-12-21,20.17,19.68,20.25,19.56,465400,22.224,25.305
2018-12-24,19.64,19.41,19.74,19.36,117500,22.15,25.264
2018-12-26,18.82,19.43,19.43,18.56,165100,22.067,25.223
2018-12-27,19.03,19.39,19.42,18.92,337800,21.986,25.184
2018-12-28,19.67,19.57,19.86,19.47,1342400,21.898,25.145
2018-12-31,19.68,19.55,19.88,19.44,198900,21.814,25.106
2019-01-02,19.367,19.79,19.849,19.367,141100,21.745,25.069
2019-01-03,19.64,19.34,19.64,19.305,29400,21.666,25.031
2019-01-04,19.66,20.17,20.24,19.66,24800,21.603,24.996
2019-01-07,20.22,20.4,20.483,20.18,56500,21.55,24.962
2019-01-08,20.64,20.58,20.72,20.418,25700,21.522,24.934
2019-01-09,20.94,21.01,21.05,20.826,100300,21.491,24.91
2019-01-10,20.87,20.97,21.004,20.834,24900,21.467,24.883
2019-01-11,20.84,20.91,21.014,20.79,241200,21.452,24.858
2019-01-14,20.82,20.81,20.91,20.8,17200,21.428,24.834
2019-01-15,20.9,21.06,21.09,20.9,19500,21.398,24.81
2019-01-16,21.1,21.28,21.37,21.1,36100,21.361,24.79
2019-01-17,21.15,21.36,21.5,21.15,11900,21.329,24.769
2019-01-18,21.591,21.72,21.831,21.591,71700,21.305,24.749
2019-01-22,21.7,21.35,21.869,21.315,44400,21.273,24.725
2019-01-23,21.427,21.26,21.43,21.17,42700,21.23,24.702
2019-01-24,21.507,21.5,21.531,21.38,34700,21.2,24.681
2019-01-25,21.79,21.82,21.92,21.79,12500,21.184,24.659
2019-01-28,21.57,21.62,21.643,21.489,50300,21.174,24.636
2019-01-29,21.69,21.58,21.69,21.53,90200,21.159,24.612
2019-01-30,21.81,22.02,22.08,21.727,18100,21.152,24.592
2019-01-31,22.22,22.29,22.41,22.211,58300,21.145,24.572
2019-02-01,22.25,22.18,22.254,22.13,32200,21.138,24.551
2019-02-04,22.14,22.19,22.21,22.11,9600,21.143,24.529
2019-02-05,22.26,22.47,22.52,22.26,29100,21.164,24.508
2019-02-06,22.501,22.36,22.52,22.333,60100,21.177,24.488
2019-02-07,22.14,21.94,22.178,21.783,23100,21.186,24.467
2019-02-08,21.78,21.81,21.86,21.66,42900,21.183,24.446
2019-02-11,21.93,21.94,21.98,21.9,21300,21.185,24.426
2019-02-12,22.23,22.23,22.299,22.208,33800,21.181,24.407
2019-02-13,22.437,22.31,22.437,22.28,32000,21.181,24.387
2019-02-14,22.22,22.3,22.327,22.12,30000,21.179,24.368
2019-02-15,22.32,22.42,22.42,22.32,21400,21.168,24.349
2019-02-19,22.37,22.69,22.69,22.37,25400,21.178,24.332
2019-02-20,22.61,22.76,22.878,22.61,75200,21.194,24.317
2019-02-21,22.61,22.54,22.61,22.465,18500,21.214,24.299
2019-02-22,22.73,22.88,22.88,22.72,18200,21.245,24.281
2019-02-25,23.22,23.08,23.4,23.08,27100,21.28,24.265
2019-02-26,22.98,23.1,23.139,22.961,13000,21.309,24.248
2019-02-27,22.9,22.96,23.04,22.87,28000,21.337,24.228
2019-02-28,23.17,23.11,23.21,22.95,19900,21.378,24.209
2019-03-01,23.21,23.28,23.384,23.18,15100,21.431,24.191
2019-03-04,23.451,23.35,23.453,23.087,11200,21.483,24.174
2019-03-05,23.27,23.48,23.48,23.27,12800,21.546,24.156
2019-03-06,23.429,23.17,23.438,23.17,17400,21.608,24.136
2019-03-07,22.85,22.65,22.863,22.65,10500,21.668,24.115
2019-03-08,22.4,22.48,22.48,22.29,12000,21.729,24.091
2019-03-11,22.765,23,23,22.765,7900,21.801,24.071
2019-03-12,23.15,23.03,23.16,22.96,21300,21.873,24.051
2019-03-13,23.12,23.079,23.12,23.012,30000,21.944,24.031
2019-03-14,22.97,22.89,23.02,22.87,12200,22.01,24.011
2019-03-15,23.06,23.03,23.13,23.008,12100,22.075,23.994
2019-03-18,23.1,23.31,23.33,23.1,14100,22.155,23.977
2019-03-19,23.32,23.33,23.471,23.29,10700,22.218,23.961
2019-03-20,23.32,23.33,23.442,23.1,52700,22.276,23.943
2019-03-21,23.2,23.37,23.44,23.16,24300,22.332,23.925
2019-03-22,23.22,22.76,23.231,22.727,24500,22.367,23.904
2019-03-25,22.64,22.86,22.92,22.631,321400,22.405,23.882
2019-03-26,22.947,22.9,22.947,22.767,15500,22.445,23.86
2019-03-27,22.94,22.82,23,22.78,35500,22.485,23.838
2019-03-28,22.79,22.9,22.9,22.727,13900,22.522,23.817
2019-03-29,23.03,23.19,23.2,23.019,13800,22.56,23.796
2019-04-01,23.4,23.65,23.66,23.4,26000,22.606,23.779
2019-04-02,23.68,23.57,23.68,23.496,9300,22.643,23.761
2019-04-03,23.79,23.67,23.91,23.63,23900,22.689,23.744
2019-04-04,23.67,23.82,23.83,23.67,12500,22.74,23.728
2019-04-05,23.92,24.09,24.09,23.92,7700,22.792,23.714
2019-04-08,24.04,24.075,24.11,24.001,14800,22.837,23.7
2019-04-09,24.02,23.74,24.02,23.683,27500,22.88,23.686
2019-04-10,23.77,23.9,23.9,23.68,28600,22.926,23.672
2019-04-11,23.88,23.93,23.937,23.863,14600,22.964,23.661
2019-04-12,24.13,24.16,24.297,24.13,35900,23.002,23.651
2019-04-15,24.262,24.08,24.262,23.97,19000,23.04,23.642
2019-04-16,24.19,24.34,24.34,24.19,19900,23.083,23.633
2019-04-17,24.54,24.48,24.54,24.321,42100,23.123,23.624
2019-04-18,24.33,24.48,24.49,24.309,33300,23.165,23.616
2019-04-22,24.403,24.494,24.53,24.387,48800,23.216,23.608
2019-04-23,24.47,24.7,24.71,24.47,53800,23.274,23.601
2019-04-24,24.72,24.46,24.75,24.4,54100,23.325,23.591
2019-04-25,24.33,24.48,24.591,24.33,48400,23.37,23.579
2019-04-26,24.52,24.67,24.67,24.52,83500,23.417,23.568
2019-04-29,24.75,24.83,24.893,24.721,23800,23.467,23.56
2019-04-30,24.62,24.64,24.746,24.43,156500,23.512,23.549
2019-05-01,24.599,24.4,24.692,24.4,24900,23.546,23.537
2019-05-02,24.34,24.285,24.53,24.193,11000,23.576,23.525
2019-05-03,24.51,24.67,24.68,24.51,18400,23.619,23.514
2019-05-06,23.97,24.24,24.24,23.88,191600,23.646,23.5
2019-05-07,23.94,23.65,23.94,23.52,23000,23.658,23.485
2019-05-08,23.659,23.67,23.822,23.602,28100,23.669,23.469
2019-05-09,23.36,23.53,23.57,23.096,28500,23.68,23.453
2019-05-10,23.6,23.65,23.71,23.27,13600,23.691,23.436
2019-05-13,23.05,22.89,23.105,22.8,65700,23.683,23.413
2019-05-14,23.02,23.18,23.35,23.02,40600,23.68,23.394
2019-05-15,23.09,23.475,23.495,23.09,10600,23.68,23.377
2019-05-16,23.4,23.451,23.606,23.4,10800,23.686,23.36
2019-05-17,23.12,23.02,23.275,23.02,9500,23.693,23.342
2019-05-20,22.78,22.7,22.838,22.622,8200,23.697,23.323
2019-05-21,22.957,23.07,23.094,22.93,19000,23.699,23.305
2019-05-22,22.94,22.85,23.05,22.825,13800,23.695,23.286
2019-05-23,22.52,22.31,22.52,22.233,9100,23.68,23.264
2019-05-24,22.49,22.36,22.492,22.317,24900,23.669,23.241
2019-05-28,22.42,22.28,22.44,22.22,6300,23.654,23.218
2019-05-29,22.15,22.16,22.16,21.965,7200,23.631,23.195
2019-05-30,22.27,22.16,22.31,22.09,19300,23.608,23.173
2019-05-31,21.9,21.917,21.995,21.88,16400,23.58,23.151
2019-06-03,21.85,21.77,21.9,21.651,20700,23.548,23.128
2019-06-04,21.999,22.27,22.304,21.937,45000,23.538,23.111
2019-06-05,22.309,22.21,22.398,22.033,23100,23.525,23.092
2019-06-06,22.058,22.25,22.29,22.04,14900,23.512,23.073
2019-06-07,22.43,22.5,22.58,22.43,12700,23.505,23.055
2019-06-10,22.65,22.669,22.825,22.626,13500,23.501,23.038
2019-06-11,22.81,22.72,22.961,22.72,43700,23.491,23.019
2019-06-12,22.52,22.45,22.52,22.4,18000,23.467,23.001
2019-06-13,22.645,22.64,22.71,22.55,23500,23.449,22.983
2019-06-14,22.41,22.42,22.49,22.4,10800,23.424,22.962
2019-06-17,22.476,22.503,22.53,22.456,17300,23.397,22.942
2019-06-18,22.68,22.93,23.05,22.68,56500,23.374,22.923
2019-06-19,23,22.95,23.04,22.87,45600,23.352,22.906
2019-06-20,23.24,23.23,23.3,23.14,26900,23.341,22.891
2019-06-21,23.088,23.21,23.22,23.088,6500,23.328,22.878
2019-06-24,23.15,23.01,23.15,22.99,102900,23.309,22.866
2019-06-25,22.95,22.79,22.95,22.74,21400,23.282,22.854
2019-06-26,23.022,23.12,23.13,23.022,25000,23.263,22.843
2019-06-27,23.2,23.26,23.26,23.17,10000,23.241,22.834
2019-06-28,23.236,23.327,23.418,23.236,19200,23.218,22.825
2019-07-01,23.839,23.71,23.839,23.6,20900,23.203,22.818
2019-07-02,23.67,23.699,23.759,23.65,18100,23.187,22.81
2019-07-03,23.665,23.75,23.79,23.65,9500,23.168,22.801
2019-07-05,23.74,23.663,23.74,23.543,3500,23.152,22.793
2019-07-08,23.48,23.35,23.48,23.27,19800,23.129,22.784
2019-07-09,23.06,23.35,23.35,23.06,11400,23.103,22.772
2019-07-10,23.437,23.328,23.44,23.24,28600,23.073,22.759
2019-07-11,23.46,23.34,23.46,23.26,13200,23.047,22.747
2019-07-12,23.39,23.436,23.49,23.38,12000,23.027,22.736
2019-07-15,23.52,23.53,23.57,23.471,22500,23.012,22.725
2019-07-16,23.55,23.47,23.63,23.439,21000,22.988,22.714
2019-07-17,23.372,23.27,23.372,23.26,13800,22.969,22.702
2019-07-18,23.23,23.323,23.323,23.185,13700,22.962,22.69
2019-07-19,23.44,23.3,23.492,23.3,24400,22.955,22.679
2019-07-22,23.444,23.465,23.49,23.371,49200,22.954,22.67
2019-07-23,23.762,23.85,23.9,23.708,16700,22.958,22.664
2019-07-24,23.74,24.02,24.02,23.74,14000,22.98,22.66
2019-07-25,23.97,23.77,23.97,23.72,19900,22.992,22.656
2019-07-26,23.87,23.93,23.95,23.83,11600,23.001,22.653
2019-07-29,23.95,23.806,23.95,23.709,10800,23.008,22.65
2019-07-30,23.48,23.6,23.62,23.42,19800,23.02,22.651
2019-07-31,23.56,23.45,23.69,23.259,35100,23.035,22.653
2019-08-01,23.49,23.04,23.68,22.93,16000,23.034,22.65
2019-08-02,22.733,22.74,22.76,22.51,23500,23.032,22.647
2019-08-05,22.13,21.817,22.13,21.7,35800,23.022,22.636
2019-08-06,22.07,22.16,22.18,21.88,26900,23.018,22.628
2019-08-07,21.97,22.262,22.262,21.82,14900,23.018,22.623
2019-08-08,22.31,22.66,22.66,22.31,7900,23.028,22.62
2019-08-09,22.55,22.34,22.55,22.3,19200,23.031,22.615
2019-08-12,22.087,22.05,22.18,22,23800,23.034,22.61
2019-08-13,22.102,22.55,22.78,22.102,35500,23.05,22.613
2019-08-14,22.16,21.8,22.16,21.8,28000,23.04,22.609
2019-08-15,21.99,21.85,21.99,21.731,38800,23.033,22.608
2019-08-16,22.082,22.38,22.38,22.035,12300,23.036,22.611
2019-08-19,22.602,22.55,22.64,22.55,12100,23.037,22.614
2019-08-20,22.45,22.47,22.53,22.42,31300,23.033,22.613
2019-08-21,22.52,22.51,22.635,22.51,10600,23.029,22.61
2019-08-22,22.6,22.45,22.6,22.31,17400,23.029,22.608
2019-08-23,22.32,21.92,22.48,21.9,22600,23.014,22.603
2019-08-26,22.039,21.99,22.074,21.984,27300,23.006,22.598
2019-08-27,22.154,22.07,22.173,21.981,26000,22.997,22.591
2019-08-28,22.15,22.19,22.27,22.14,9100,22.982,22.587
2019-08-29,22.38,22.599,22.6,22.38,11000,22.975,22.587
2019-08-30,22.71,22.62,22.75,22.52,12700,22.963,22.589
2019-09-03,22.41,22.21,22.51,22.2,16900,22.943,22.589
2019-09-04,22.73,22.65,22.73,22.55,18800,22.936,22.59
2019-09-05,22.95,23.165,23.21,22.95,7100,22.943,22.593
2019-09-06,23.16,23.12,23.166,23.089,37000,22.943,22.596
2019-09-09,23.21,23.263,23.36,23.2,5400,22.943,22.603
2019-09-10,23.3,23.209,23.3,23.13,22600,22.941,22.612
2019-09-11,23.4,23.508,23.523,23.389,44400,22.937,22.621
2019-09-12,23.604,23.69,23.805,23.52,27200,22.937,22.631
2019-09-13,23.787,23.74,23.81,23.74,12100,22.936,22.64
2019-09-16,23.744,23.77,23.824,23.715,9100,22.939,22.65
2019-09-17,23.595,23.65,23.66,23.54,15600,22.945,22.656
2019-09-18,23.59,23.64,23.64,23.43,36500,22.95,22.663
2019-09-19,23.57,23.63,23.77,23.57,22000,22.956,22.669
2019-09-20,23.685,23.43,23.694,23.43,11200,22.958,22.671
2019-09-23,23.29,23.41,23.49,23.271,19100,22.958,22.677
2019-09-24,23.31,22.95,23.31,22.89,14400,22.946,22.682
2019-09-25,22.86,23.12,23.124,22.825,21000,22.939,22.69
2019-09-26,23.06,23.02,23.06,22.968,23800,22.934,22.699
2019-09-27,23.09,22.71,23.16,22.609,12800,22.922,22.706
2019-09-30,22.88,22.86,22.92,22.83,10900,22.913,22.711
2019-10-01,22.96,22.61,23.033,22.59,13800,22.896,22.717
2019-10-02,22.35,22.3,22.39,22.242,22600,22.865,22.723
2019-10-03,22.24,22.48,22.494,22,41800,22.834,22.732
2019-10-04,22.531,22.71,22.71,22.52,8500,22.813,22.742
2019-10-07,22.64,22.6,22.789,22.6,12900,22.786,22.753
2019-10-08,22.31,22.16,22.31,22.1,26900,22.753,22.764
2019-10-09,22.29,22.34,22.405,22.211,12800,22.728,22.777
2019-10-10,22.31,22.522,22.615,22.31,109300,22.71,22.793
2019-10-11,22.82,22.98,23.131,22.753,11700,22.709,22.811
2019-10-14,22.83,22.91,22.979,22.83,18200,22.712,22.828
2019-10-15,23.18,23.24,23.349,23.18,7000,22.74,22.847
2019-10-16,23.26,23.26,23.32,23.212,12700,22.762,22.865
2019-10-17,23.44,23.361,23.44,23.31,16500,22.784,22.883
2019-10-18,23.25,23.21,23.35,23.175,15000,22.795,22.902
2019-10-21,23.32,23.43,23.45,23.319,31100,22.817,22.919
2019-10-22,23.46,23.23,23.46,23.23,26800,22.841,22.933
2019-10-23,23.07,23.26,23.26,23.07,32600,22.855,22.946
2019-10-24,23.43,23.56,23.56,23.429,14700,22.89,22.959
2019-10-25,23.31,23.64,23.653,23.293,70000,22.926,22.972
2019-10-28,23.72,23.88,23.914,23.72,6300,22.956,22.987
2019-10-29,23.76,23.76,23.799,23.648,11500,22.98,23.002
2019-10-30,23.74,23.81,23.81,23.65,26300,23.007,23.016
2019-10-31,23.8,23.63,23.8,23.501,15400,23.029,23.027
2019-11-01,23.73,23.859,23.91,23.729,18400,23.058,23.04
2019-11-04,24.08,24.31,24.361,24.08,58500,23.105,23.053
2019-11-05,24.42,24.47,24.51,24.4,10700,23.155,23.068
2019-11-06,24.425,24.36,24.504,24.36,13700,23.201,23.084
2019-11-07,24.58,24.72,24.819,24.58,24400,23.251,23.1
2019-11-08,24.595,24.63,24.67,24.481,19100,23.292,23.114
2019-11-11,24.43,24.512,24.53,24.43,3800,23.33,23.128
2019-11-12,24.55,24.45,24.578,24.407,13900,23.375,23.143
2019-11-13,24.32,24.3,24.38,24.21,24600,23.408,23.154
2019-11-14,24.24,24.29,24.39,24.226,10500,23.43,23.164
2019-11-15,24.5,24.52,24.644,24.43,10300,23.458,23.176
2019-11-18,24.54,24.391,24.54,24.39,6100,23.481,23.187
2019-11-19,24.51,24.358,24.51,24.34,10700,23.504,23.196
2019-11-20,24.25,24.05,24.25,23.971,26600,23.514,23.205
2019-11-21,24.06,24.1,24.13,24.03,11700,23.523,23.216
2019-11-22,24.18,24.13,24.229,24.09,25100,23.53,23.227
2019-11-25,24.36,24.522,24.56,24.36,13500,23.546,23.24
2019-11-26,24.443,24.525,24.526,24.443,10600,23.563,23.252
2019-11-27,24.52,24.646,24.68,24.52,13500,23.583,23.263
2019-11-29,24.45,24.36,24.45,24.36,4600,23.598,23.274
2019-12-02,24.29,24.15,24.29,24.081,9000,23.612,23.282
2019-12-03,23.77,23.85,23.85,23.64,23800,23.621,23.288
2019-12-04,24.03,24.005,24.098,23.97,14100,23.642,23.294
2019-12-05,24.01,24.093,24.12,24,20300,23.661,23.302
2019-12-06,24.28,24.35,24.374,24.28,25100,23.688,23.309
2019-12-09,24.31,24.37,24.489,24.31,14500,23.721,23.316
2019-12-10,24.41,24.348,24.45,24.294,33600,23.751,23.322
2019-12-11,24.45,24.575,24.61,24.391,52600,23.79,23.33
2019-12-12,24.69,24.905,24.96,24.69,40200,23.842,23.339
2019-12-13,24.928,24.955,25.12,24.85,35000,23.892,23.347
2019-12-16,25.11,25.18,25.275,25.11,17400,23.941,23.357
2019-12-17,25.3,25.43,25.445,25.3,22800,23.998,23.366
2019-12-18,25.47,25.475,25.59,25.43,18700,24.064,23.378
2019-12-19,25.407,25.387,25.413,25.32,19900,24.125,23.392
2019-12-20,25.58,25.455,25.58,25.408,25800,24.184,23.406
2019-12-23,25.5,25.62,25.67,25.5,21100,24.237,23.42
2019-12-24,25.5,25.625,25.71,25.5,21700,24.291,23.433
2019-12-26,25.75,25.839,25.88,25.715,11300,24.343,23.446
2019-12-27,25.45,25.26,25.45,25.21,33700,24.383,23.458
2019-12-30,25.25,25.05,25.25,25.05,57500,24.417,23.468
2019-12-31,25.02,25.1,25.18,25.002,78600,24.455,23.477
2020-01-02,25.32,25.691,25.72,25.32,31000,24.5,23.489
2020-01-03,25.36,25.535,25.71,25.36,51400,24.546,23.5
2020-01-06,25.37,25.59,25.62,25.37,24700,24.592,23.511
2020-01-07,25.68,25.819,25.87,25.6,45400,24.638,23.526
2020-01-08,25.7,25.84,25.91,25.7,54300,24.682,23.541
2020-01-09,26.063,26.04,26.09,25.94,14600,24.725,23.557
2020-01-10,26.05,25.89,26.085,25.89,34700,24.767,23.572
2020-01-13,26.05,26.12,26.182,25.92,34400,24.814,23.589
2020-01-14,26.08,26.081,26.32,26.024,80600,24.863,23.603
2020-01-15,25.983,26.058,26.17,25.983,19400,24.907,23.615
2020-01-16,26.25,26.25,26.27,26.171,10600,24.945,23.628
2020-01-17,26.37,26.245,26.39,26.14,17900,24.981,23.641
2020-01-21,26.02,25.967,26.08,25.9,47100,25.013,23.652
2020-01-22,26.17,26.135,26.28,26.09,22800,25.041,23.662
2020-01-23,25.89,25.904,25.94,25.69,42000,25.067,23.671
2020-01-24,25.94,25.53,25.94,25.455,20300,25.087,23.68
2020-01-27,24.65,24.85,25,24.492,39300,25.095,23.685
2020-01-28,24.92,25.263,25.3,24.92,23500,25.114,23.692
2020-01-29,25.35,25.275,25.36,25.22,40900,25.134,23.697
2020-01-30,24.91,24.995,25,24.752,74400,25.144,23.702
2020-01-31,24.8,24.74,24.888,24.665,12100,25.151,23.704
2020-02-03,24.93,25.08,25.23,24.93,23100,25.165,23.707
2020-02-04,25.55,25.66,25.74,25.479,23100,25.197,23.713
2020-02-05,25.908,25.795,25.908,25.642,17100,25.231,23.719
2020-02-06,25.88,25.96,25.96,25.84,12300,25.268,23.726
2020-02-07,25.75,25.765,25.85,25.7,31900,25.293,23.732
2020-02-10,25.67,25.831,25.86,25.67,13100,25.319,23.739
2020-02-11,26.11,26.05,26.3,26.01,20100,25.347,23.746
2020-02-12,26.33,26.385,26.409,26.26,10500,25.387,23.754
2020-02-13,26.23,26.285,26.389,26.181,12700,25.43,23.762
2020-02-14,26.36,26.244,26.37,26.19,14900,25.478,23.771
2020-02-18,26.18,26.127,26.205,25.992,23200,25.52,23.78
2020-02-19,26.22,26.4,26.423,26.163,41300,25.566,23.789
2020-02-20,26.36,26.09,26.38,25.964,20600,25.601,23.798
2020-02-21,26.01,25.77,26.01,25.676,17100,25.629,23.809
2020-02-24,24.87,24.863,24.95,24.745,53300,25.64,23.815
2020-02-25,24.99,24.365,25.015,24.279,84800,25.635,23.819
2020-02-26,24.55,24.34,24.88,24.34,53700,25.624,23.822
2020-02-27,23.85,23.66,24.337,23.65,54600,25.598,23.826
2020-02-28,23.07,23.57,23.57,22.79,102700,25.566,23.828
2020-03-02,23.63,24.11,24.12,23.33,86500,25.54,23.831
2020-03-03,24.25,23.563,24.25,23.39,56300,25.501,23.832
2020-03-04,23.85,24.065,24.09,23.71,36200,25.475,23.837
2020-03-05,23.53,23.469,23.83,23.356,30200,25.435,23.841
2020-03-06,22.8,22.79,23,22.45,56400,25.379,23.84
2020-03-09,21.3,20.88,21.61,20.76,176300,25.284,23.83
2020-03-10,21.8,21.813,21.83,21.13,112000,25.203,23.827
2020-03-11,21.327,20.864,21.41,20.66,49300,25.115,23.82
2020-03-12,19.18,19.015,19.75,18.86,246600,24.995,23.803
2020-03-13,19.96,19.995,20.08,19.149,160600,24.892,23.793
2020-03-16,18.91,17.75,18.92,17.75,69500,24.734,23.77
2020-03-17,18.09,18.43,18.71,17.65,72500,24.592,23.753
2020-03-18,17.42,17.444,17.79,16.7,307500,24.429,23.731
2020-03-19,17.24,17.829,18.1,17.078,307200,24.269,23.709
2020-03-20,18.01,17.296,18.294,17.27,65700,24.098,23.685
2020-03-23,17.2,17.081,17.393,16.77,87000,23.919,23.659
2020-03-24,18.28,18.68,18.87,18.094,114200,23.775,23.64
2020-03-25,18.88,19.19,19.82,18.765,74700,23.636,23.622
2020-03-26,19.55,20.29,20.29,19.55,49700,23.52,23.61
2020-03-27,19.57,19.255,19.64,19.23,105300,23.384,23.594
2020-03-30,19.27,19.29,19.34,18.993,41100,23.245,23.577
2020-03-31,19.576,19.25,19.576,19.22,48800,23.105,23.562
2020-04-01,18.66,18.445,18.832,18.33,62800,22.955,23.541
2020-04-02,18.51,18.575,18.847,18.419,18200,22.803,23.52
2020-04-03,18.6,18.49,18.76,18.14,57700,22.655,23.497
2020-04-06,19.08,19.395,19.53,19.06,119300,22.532,23.478
2020-04-07,20.27,19.861,20.29,19.861,21700,22.433,23.461
2020-04-08,19.853,20.2,20.2,19.853,155900,22.331,23.447
2020-04-09,20.58,20.463,20.72,20.335,57900,22.235,23.436
2020-04-13,20.57,20.45,20.57,20.101,25200,22.144,23.422
2020-04-14,20.71,20.736,20.927,20.64,60800,22.064,23.41
2020-04-15,20.2,20.267,20.41,20.15,36300,21.968,23.394
2020-04-16,20.365,20.25,20.389,20.04,40500,21.86,23.377
2020-04-17,20.67,20.74,20.77,20.548,45300,21.759,23.362
2020-04-20,20.51,20.502,20.805,20.445,37400,21.649,23.346
2020-04-21,19.99,19.93,20.16,19.87,33400,21.533,23.327
2020-04-22,20.5,20.41,20.53,20.37,53000,21.424,23.313
2020-04-23,20.61,20.42,20.66,20.362,36300,21.312,23.298
2020-04-24,20.54,20.61,20.66,20.32,30900,21.196,23.284
2020-04-27,20.86,21.07,21.19,20.86,18800,21.092,23.273
2020-04-28,21.45,21.08,21.52,21.08,68000,20.989,23.261
2020-04-29,21.795,22.09,22.199,21.742,29500,20.908,23.254
2020-04-30,21.97,21.815,22.02,21.7,33600,20.816,23.246
2020-05-01,21.36,20.855,21.36,20.78,26500,20.711,23.234
2020-05-04,20.75,20.857,20.857,20.583,35400,20.613,23.221
2020-05-05,21.15,20.992,21.31,20.955,39100,20.536,23.21
2020-05-06,20.925,20.93,21.09,20.91,42000,20.467,23.197
2020-05-07,21.18,21.16,21.31,21.116,10700,20.403,23.184
2020-05-08,21.644,21.75,21.75,21.59,16700,20.365,23.172
2020-05-11,21.68,21.653,21.77,21.59,894800,20.327,23.162
2020-05-12,21.806,21.351,21.81,21.33,31900,20.272,23.149
2020-05-13,21.52,21.04,21.52,20.85,23500,20.221,23.135
2020-05-14,20.63,21.211,21.211,20.465,25900,20.164,23.123
2020-05-15,20.962,21.061,21.11,20.88,45900,20.116,23.111
2020-05-18,21.6,21.99,22.055,21.6,12300,20.1,23.106
2020-05-19,21.97,22.019,22.303,21.97,12000,20.123,23.102
2020-05-20,22.39,22.32,22.56,22.29,15600,20.133,23.105
2020-05-21,22.32,22.075,22.35,22.06,12400,20.157,23.104
2020-05-22,21.89,21.7,21.89,21.67,71900,20.211,23.102
2020-05-26,22.32,22.374,22.56,22.32,34700,20.258,23.1
2020-05-27,22.62,22.605,22.65,22.2,141400,20.356,23.102
2020-05-28,22.65,22.38,22.73,22.34,106600,20.435,23.103
2020-05-29,22.34,22.594,22.594,22.2,77900,20.538,23.103
2020-06-01,22.64,22.92,22.96,22.64,39700,20.639,23.109
2020-06-02,23.035,23.217,23.26,23.035,28800,20.758,23.116
2020-06-03,23.48,23.825,23.92,23.48,39700,20.893,23.123
2020-06-04,23.71,23.85,24.02,23.71,23000,20.996,23.13
2020-06-05,24.38,24.49,24.71,24.38,44400,21.102,23.14
2020-06-08,24.69,24.805,24.84,24.61,20800,21.192,23.151
2020-06-09,24.53,24.55,24.64,24.39,32900,21.298,23.162
2020-06-10,24.69,24.451,24.69,24.4,10500,21.401,23.174
2020-06-11,23.573,23.07,23.84,23.07,45000,21.478,23.18
2020-06-12,23.74,23.52,23.74,23.18,13500,21.579,23.187
2020-06-15,23.09,23.626,23.74,23.08,19400,21.68,23.194
2020-06-16,24.21,23.924,24.26,23.74,44200,21.789,23.201
2020-06-17,24.12,24.029,24.16,23.971,56700,21.882,23.208
2020-06-18,23.96,23.945,24.02,23.88,10700,21.963,23.216
2020-06-19,24.001,23.842,24.09,23.8,8600,22.036,23.222
2020-06-22,23.9,24.012,24.04,23.799,10100,22.107,23.227
2020-06-23,24.32,24.26,24.38,24.222,14100,22.183,23.232
2020-06-24,24.09,23.7,24.09,23.6,32600,22.243,23.235
2020-06-25,23.62,23.86,23.86,23.5,17500,22.315,23.238
2020-06-26,23.64,23.184,23.64,23.184,17300,22.373,23.236
2020-06-29,23.25,23.382,23.42,23.23,5300,22.426,23.235
2020-06-30,23.36,23.59,23.59,23.36,13100,22.488,23.234
2020-07-01,23.6,23.669,23.769,23.555,24400,22.563,23.233
2020-07-02,24.053,23.99,24.153,23.98,21200,22.634,23.235
2020-07-06,24.5,24.85,24.85,24.5,12100,22.723,23.241
2020-07-07,24.67,24.31,24.7,24.29,9200,22.797,23.245
2020-07-08,24.56,24.93,24.93,24.56,10500,22.874,23.252
2020-07-09,25.07,25.01,25.12,24.772,16400,22.953,23.26
2020-07-10,24.92,25.19,25.22,24.8,12800,23.015,23.271
2020-07-13,25.4,24.894,25.53,24.894,26600,23.076,23.28
2020-07-14,24.68,24.871,24.89,24.59,18100,23.157,23.289
2020-07-15,25.15,25.18,25.315,25.012,18100,23.243,23.302
2020-07-16,24.87,25.005,25.044,24.795,23600,23.323,23.312
2020-07-17,24.931,25.005,25.03,24.92,6700,23.405,23.324
2020-07-20,25,25.34,25.34,25,34400,23.488,23.34
2020-07-21,25.65,25.501,25.681,25.47,12800,23.563,23.355
2020-07-22,25.38,25.365,25.4,25.25,18800,23.638,23.368
2020-07-23,25.33,25.052,25.39,25.04,12300,23.712,23.38
2020-07-24,24.82,24.86,24.93,24.68,16100,23.788,23.394
2020-07-27,24.85,24.96,25,24.85,24400,23.863,23.407
2020-07-28,24.85,24.727,24.92,24.62,16700,23.936,23.418
2020-07-29,24.86,24.99,25.05,24.805,6900,23.996,23.428
2020-07-30,24.64,24.829,24.83,24.535,20100,24.053,23.437
2020-07-31,24.98,24.74,24.98,24.616,14300,24.101,23.445
2020-08-03,24.95,25.025,25.11,24.95,19200,24.16,23.454
2020-08-04,25.09,25.19,25.2,25.05,54800,24.23,23.463
2020-08-05,25.35,25.55,25.586,25.35,12700,24.293,23.475
2020-08-06,25.31,25.62,25.62,25.31,37000,24.354,23.486
2020-08-07,25.32,25.37,25.49,25.191,11400,24.413,23.496
2020-08-10,25.5,25.49,25.53,25.27,21300,24.471,23.507
2020-08-11,25.7,25.51,25.88,25.495,12400,24.523,23.517
2020-08-12,25.79,25.875,25.94,25.79,27200,24.576,23.528
2020-08-13,25.91,25.695,25.91,25.65,11400,24.614,23.537
2020-08-14,25.71,25.64,25.74,25.591,13400,24.649,23.547
2020-08-17,25.74,25.78,25.846,25.72,24900,24.675,23.557
2020-08-18,25.94,25.955,26.013,25.856,12600,24.698,23.568
2020-08-19,26.01,25.83,26.01,25.81,29900,24.724,23.578
2020-08-20,25.57,25.785,25.799,25.57,13100,24.751,23.586
2020-08-21,25.78,25.94,25.98,25.74,19600,24.808,23.593
2020-08-24,26.42,26.32,26.42,26.28,32500,24.864,23.603
2020-08-25,26.42,26.608,26.63,26.42,14000,24.924,23.612
2020-08-26,26.67,26.86,26.869,26.631,17500,24.982,23.623
2020-08-27,26.9,26.801,26.931,26.695,11100,25.038,23.635
2020-08-28,26.9,27.04,27.05,26.893,10200,25.1,23.648
2020-08-31,26.92,26.8,26.92,26.785,23400,25.159,23.66
2020-09-01,26.79,26.965,27.052,26.79,16000,25.218,23.674
2020-09-02,27.1,27.365,27.42,27.039,22700,25.28,23.688
2020-09-03,27.05,26.437,27.075,26.32,18600,25.335,23.698
2020-09-04,26.51,26.508,26.6,26.05,9600,25.388,23.709
2020-09-08,25.94,25.778,25.94,25.684,18500,25.44,23.717
2020-09-09,25.98,26.025,26.081,25.83,17100,25.492,23.727
2020-09-10,26.088,25.55,26.21,25.49,22000,25.532,23.734
2020-09-11,25.83,25.713,25.869,25.534,7500,25.572,23.74
2020-09-14,25.84,26.075,26.14,25.84,4500,25.614,23.748
2020-09-15,26.21,26.225,26.32,26.205,6600,25.642,23.756
2020-09-16,26.291,26.258,26.47,26.258,11400,25.681,23.765
2020-09-17,25.9,25.88,26.06,25.837,27800,25.7,23.774
2020-09-18,26.16,25.89,26.16,25.689,23700,25.717,23.784
2020-09-21,25.32,25.352,25.362,25.04,40100,25.72,23.791
2020-09-22,25.46,25.43,25.462,25.12,36400,25.731,23.798
2020-09-23,25.48,25.035,25.6,25.035,47400,25.734,23.801
2020-09-24,24.796,24.995,25.2,24.796,34100,25.731,23.804
2020-09-25,24.8,25.15,25.17,24.67,24900,25.734,23.808
2020-09-28,25.47,25.56,25.63,25.43,26800,25.745,23.813
2020-09-29,25.48,25.468,25.58,25.418,9600,25.747,23.816
2020-09-30,25.54,25.78,25.93,25.54,7900,25.753,23.82
2020-10-01,25.955,26.07,26.14,25.95,15900,25.767,23.824
2020-10-02,25.64,25.995,26.107,25.64,15200,25.786,23.827
2020-10-05,26.19,26.379,26.379,26.18,19500,25.816,23.832
2020-10-06,26.44,26.365,26.81,26.321,26400,25.844,23.837
2020-10-07,26.6,26.81,26.84,26.6,22500,25.886,23.843
2020-10-08,26.814,26.973,27.08,26.814,14600,25.926,23.85
2020-10-09,27.2,27.21,27.29,27.109,9200,25.973,23.858
2020-10-12,27.48,27.735,27.82,27.48,22100,26.033,23.868
2020-10-13,27.52,27.467,27.565,27.415,25700,26.082,23.879
2020-10-14,27.55,27.292,27.55,27.27,15400,26.124,23.89
2020-10-15,26.87,27.02,27.044,26.82,10800,26.153,23.899
2020-10-16,27.193,27.239,27.33,27.19,13100,26.186,23.907
2020-10-19,27.24,26.915,27.27,26.908,9300,26.217,23.914
2020-10-20,27.16,27.36,27.54,27.16,12700,26.254,23.923
2020-10-21,27.29,27.38,27.52,27.29,17200,26.292,23.931
2020-10-22,27.356,27.5,27.552,27.16,9800,26.324,23.939
2020-10-23,27.41,27.51,27.555,27.3,11800,26.36,23.946
2020-10-26,27.32,26.97,27.32,26.81,57100,26.387,23.952
2020-10-27,26.98,26.92,27.05,26.91,14900,26.41,23.956
2020-10-28,26.5,26.14,26.5,26.13,33000,26.413,23.956
2020-10-29,26.29,26.606,26.7,26.29,14800,26.429,23.959
2020-10-30,26.58,26.31,26.58,26.16,16300,26.439,23.959
2020-11-02,26.64,26.64,26.7,26.53,18800,26.453,23.961
2020-11-03,26.78,27.014,27.14,26.67,12800,26.467,23.966
2020-11-04,27.41,27.75,27.99,27.35,9600,26.49,23.974
2020-11-05,28.25,28.46,28.6,28.23,12100,26.522,23.987
2020-11-06,28.56,28.66,28.66,28.436,5600,26.559,24.003
2020-11-09,29.48,28.979,29.56,28.95,17300,26.598,24.023
2020-11-10,28.5,28.49,28.671,28.437,25800,26.632,24.04
2020-11-11,28.46,28.57,28.631,28.46,10800,26.664,24.056
2020-11-12,28.635,28.28,28.68,28.26,24200,26.682,24.072
2020-11-13,28.63,28.83,28.877,28.63,11100,26.73,24.093
2020-11-16,29.16,29.26,29.3,29.14,18200,26.785,24.114
2020-11-17,29.25,29.235,29.359,29.121,14500,26.854,24.132
2020-11-18,29.33,29.156,29.415,29.156,21300,26.917,24.149
2020-11-19,28.95,29.315,29.315,28.95,23100,26.992,24.165
2020-11-20,29.35,29.35,29.47,29.33,21400,27.065,24.183
2020-11-23,29.52,29.52,29.66,29.39,11700,27.134,24.202
2020-11-24,29.96,30.22,30.22,29.868,26100,27.214,24.223
2020-11-25,30.09,30.09,30.1,29.854,36600,27.29,24.241
2020-11-27,30.15,30.14,30.17,30.05,25900,27.376,24.26
2020-11-30,29.89,29.45,29.89,29.43,33200,27.447,24.276
2020-12-01,29.81,29.91,29.99,29.71,20800,27.538,24.295
2020-12-02,29.77,29.82,29.84,29.56,21600,27.626,24.312
2020-12-03,29.915,29.93,30.11,29.915,26700,27.724,24.332
2020-12-04,30.23,30.212,30.23,30.08,19600,27.828,24.354
2020-12-07,30.09,29.92,30.11,29.92,24800,27.923,24.379
2020-12-08,30.06,30.11,30.16,29.91,43800,28.014,24.408
2020-12-09,30.15,29.983,30.23,29.88,15900,28.105,24.436
2020-12-10,29.84,30.06,30.113,29.84,23600,28.19,24.468
2020-12-11,29.94,29.91,29.94,29.752,24500,28.267,24.5
2020-12-14,30.03,29.784,30.055,29.78,32800,28.343,24.528
2020-12-15,29.8,29.928,29.95,29.75,35200,28.414,24.56
2020-12-16,30.06,30.22,30.25,30.01,27600,28.491,24.591
2020-12-17,30.32,30.265,30.363,30.21,17000,28.56,24.625
2020-12-18,30.23,30.123,30.23,30.01,14800,28.623,24.661
2020-12-21,29.89,30.13,30.249,29.788,24500,28.682,24.708
2020-12-22,30.05,30.005,30.11,29.93,33900,28.727,24.749
2020-12-23,30.21,30.42,30.5,30.21,19400,28.786,24.796
2020-12-24,30.2,30.09,30.22,29.99,8300,28.842,24.852
2020-12-28,30.14,30.22,30.26,30.14,19700,28.906,24.903
2020-12-29,30.42,30.35,30.42,30.17,49500,28.968,24.966
2020-12-30,30.53,30.725,30.85,30.53,31900,29.044,25.027
2020-12-31,30.81,30.73,30.81,30.59,25700,29.112,25.094
2021-01-04,31,30.478,31.04,30.305,53100,29.174,25.157
2021-01-05,30.55,31.1,31.143,30.55,141600,29.246,25.226
2021-01-06,31.05,31.19,31.525,31.05,47400,29.319,25.297
2021-01-07,31.37,31.59,31.61,31.37,14300,29.412,25.361
2021-01-08,31.87,32.152,32.152,31.683,45300,29.516,25.426
2021-01-11,31.62,31.69,31.78,31.618,26400,29.627,25.483
2021-01-12,31.88,31.91,31.97,31.798,45200,29.733,25.546
2021-01-13,31.93,31.995,32.16,31.8,55500,29.847,25.61
2021-01-14,32.4,32.42,32.59,32.33,18300,29.963,25.676
2021-01-15,32.25,32,32.25,31.86,23500,30.062,25.743
2021-01-19,32.51,32.66,32.67,32.4,21400,30.161,25.814
2021-01-20,33.03,33.06,33.08,32.89,37000,30.253,25.887
2021-01-21,33,33.12,33.164,32.9,27200,30.342,25.955
2021-01-22,32.72,32.772,32.89,32.65,14100,30.418,26.02
2021-01-25,32.95,32.867,32.95,32.54,19700,30.505,26.083
2021-01-26,32.86,32.58,32.86,32.5,29400,30.585,26.144
2021-01-27,32.07,31.634,32.146,31.555,62900,30.653,26.2
2021-01-28,31.79,32.02,32.24,31.79,9900,30.716,26.256
2021-01-29,31.78,31.45,31.881,31.309,48100,30.76,26.312
2021-02-01,31.92,32.183,32.22,31.84,23400,30.819,26.372
2021-02-02,32.49,32.695,32.75,32.49,33400,30.89,26.431
2021-02-03,32.95,32.95,33.15,32.9,49900,30.963,26.494
2021-02-04,33.17,33.359,33.42,33.17,26200,31.043,26.561
2021-02-05,33.49,33.66,33.74,33.485,18100,31.126,26.627
2021-02-08,33.71,33.901,33.96,33.68,14600,31.199,26.694
2021-02-09,33.76,34.03,34.076,33.76,26700,31.278,26.762
2021-02-10,34.37,34.217,34.49,33.97,30300,31.36,26.827
2021-02-11,34.51,34.655,34.7,34.403,15900,31.464,26.895
2021-02-12,34.485,34.84,34.86,34.485,12300,31.562,26.959
2021-02-16,35,35.125,35.279,35,35900,31.668,27.025
2021-02-17,35.12,35.21,35.22,34.958,28200,31.774,27.097
2021-02-18,34.84,34.82,34.92,34.55,23300,31.866,27.167
2021-02-19,35.13,35.09,35.29,34.944,25200,31.97,27.237
2021-02-22,34.53,34.28,34.665,34.28,19500,32.053,27.304
2021-02-23,34.15,34.51,34.56,33.731,26500,32.143,27.371
2021-02-24,34.2,34.71,34.71,34.11,20300,32.236,27.436
2021-02-25,34.61,33.64,34.72,33.57,17800,32.311,27.496
2021-02-26,33.69,33.5,33.85,33.24,34300,32.385,27.556
2021-03-01,34.13,34.61,34.66,34.13,28500,32.479,27.624
2021-03-02,34.39,34.24,34.55,34.19,22800,32.559,27.689
2021-03-03,34.38,34.06,34.63,34.05,23600,32.635,27.754
2021-03-04,33.99,33.45,34.1,33.1,31800,32.702,27.812
2021-03-05,33.88,34.01,34.04,32.904,68800,32.779,27.872
2021-03-08,33.78,33.45,34.078,33.36,53900,32.848,27.927
2021-03-09,33.89,34.24,34.449,33.854,17900,32.925,27.988
2021-03-10,34.38,34.08,34.38,33.96,92800,33.005,28.05
2021-03-11,34.42,34.76,34.809,34.42,29000,33.095,28.112
2021-03-12,34.3,34.53,34.53,34.3,34100,33.179,28.172
2021-03-15,34.39,34.42,34.42,34.065,18500,33.253,28.232
2021-03-16,34.45,34.34,34.53,34.26,26700,33.325,28.291
2021-03-17,34.15,34.6,34.65,34.06,35100,33.408,28.349
2021-03-18,34.51,34.22,34.719,34.18,17100,33.47,28.404
2021-03-19,34.22,34.41,34.48,33.93,28400,33.534,28.457
2021-03-22,34.23,34.299,34.47,34.07,32800,33.588,28.509
2021-03-23,34.08,33.655,34.13,33.5,27300,33.619,28.555
2021-03-24,33.655,33.655,33.655,33.655,,33.658,28.599
2021-03-25,33.07,34.299,34.299,32.82,63300,33.706,28.648
2021-03-26,33.4,33.72,33.72,33.05,13800,33.74,28.694
2021-03-29,33.5,33.48,33.511,33.13,8800,33.761,28.746
2021-03-30,33.44,33.64,33.69,33.4,16000,33.794,28.797
2021-03-31,33.768,33.77,33.945,33.73,46000,33.816,28.848
2021-04-01,34.08,34.387,34.45,34.08,48600,33.843,28.9
2021-04-05,34.64,34.76,34.85,34.599,28100,33.876,28.954
2021-04-06,34.75,34.73,34.96,34.7,24300,33.915,29.008
2021-04-07,34.65,34.64,34.77,34.58,17300,33.95,29.062
2021-04-08,34.91,34.77,34.945,34.65,18600,33.994,29.115
2021-04-09,34.75,34.9,34.9,34.73,29000,34.059,29.169
2021-04-12,34.831,34.81,34.88,34.67,29400,34.115,29.224
2021-04-13,34.77,34.794,34.85,34.695,14300,34.182,29.279
2021-04-14,34.92,34.85,35.11,34.795,31000,34.235,29.337
2021-04-15,35,35.03,35.077,34.81,12000,34.282,29.395
2021-04-16,35.26,35.29,35.32,35.11,14200,34.329,29.454
2021-04-19,35.06,35.08,35.165,34.902,17000,34.363,29.511
2021-04-20,35,34.66,35.12,34.396,21600,34.383,29.564
2021-04-21,34.46,34.99,35.004,34.46,20100,34.405,29.615
2021-04-22,35.15,34.79,35.15,34.67,17200,34.42,29.667
2021-04-23,34.99,35.27,35.32,34.95,14600,34.441,29.719
2021-04-26,35.28,35.485,35.525,35.28,29400,34.458,29.771
2021-04-27,35.545,35.62,35.65,35.436,30300,34.474,29.824
2021-04-28,35.79,35.87,36,35.654,30100,34.488,29.878
2021-04-29,36.31,35.95,36.31,35.7,162000,34.503,29.934
2021-04-30,35.71,35.405,35.765,35.405,18300,34.515,29.985
2021-05-03,35.58,35.41,35.58,35.4,37900,34.521,30.037
2021-05-04,35.29,35.06,35.29,34.76,15600,34.537,30.087
2021-05-05,35.23,35.07,35.42,33.821,19200,34.548,30.136
2021-05-06,35.16,35.32,35.382,35,12400,34.56,30.185
2021-05-07,35.5,35.625,35.72,35.46,84500,34.6,30.236
2021-05-10,35.52,34.89,35.52,34.89,14200,34.628,30.286
2021-05-11,34.11,34.55,34.68,34.11,28700,34.627,30.334
2021-05-12,34.37,33.81,34.47,33.77,48000,34.618,30.378
2021-05-13,33.9,33.525,34,33.21,26300,34.607,30.422
2021-05-14,33.95,34.33,34.403,33.89,28300,34.625,30.469
2021-05-17,34.12,34.45,34.45,34.12,107000,34.634,30.517
2021-05-18,34.39,34.37,34.723,34.37,26900,34.652,30.565
2021-05-19,33.84,34.202,34.234,33.8,16900,34.651,30.611
2021-05-20,34.43,34.7,34.74,34.4,13500,34.664,30.659
2021-05-21,34.68,34.5,34.805,34.4,75400,34.659,30.703
2021-05-24,34.52,34.2,34.52,34.2,44400,34.652,30.746
2021-05-25,34.66,34.59,34.76,34.543,25900,34.655,30.792
2021-05-26,34.55,34.5,34.63,34.435,21100,34.659,30.837
2021-05-27,34.63,34.605,34.64,34.485,75700,34.659,30.883
2021-05-28,34.69,34.62,34.73,34.535,14700,34.667,30.927
2021-06-01,35.17,35.18,35.29,35.034,26000,34.682,30.974
2021-06-02,35.22,34.96,35.22,34.885,42300,34.695,31.021
2021-06-03,34.6,34.42,34.6,34.1,97500,34.711,31.064
2021-06-04,34.39,34.52,34.55,34.36,19100,34.728,31.107
2021-06-07,34.38,34.373,34.38,34.14,9300,34.729,31.149
2021-06-08,34.24,34.214,34.28,34.02,103600,34.739,31.192
2021-06-09,34.14,34.055,34.298,34.055,14100,34.751,31.232
2021-06-10,34.33,34.28,34.47,34.276,13800,34.764,31.272
2021-06-11,34.37,34.22,34.37,34.16,5400,34.773,31.31
2021-06-14,34.423,34.41,34.48,34.31,8700,34.773,31.348
2021-06-15,34.29,34.18,34.37,34.175,33200,34.761,31.385
2021-06-16,34,33.69,34.03,33.56,20000,34.741,31.418
2021-06-17,33.646,33.38,33.65,33.265,28700,34.715,31.451
2021-06-18,33.13,32.9,33.13,32.837,17100,34.678,31.48
2021-06-21,32.915,33.32,33.349,32.915,15800,34.646,31.51
2021-06-22,33.18,33.365,33.41,33.11,14100,34.618,31.545
2021-06-23,33.548,33.595,33.74,33.5,19200,34.594,31.58
2021-06-24,33.855,34.04,34.15,33.855,22800,34.577,31.622
2021-06-25,34.29,34.38,34.44,34.26,13800,34.564,31.663
2021-06-28,34.38,34.31,34.38,34.12,18100,34.545,31.707
2021-06-29,34.265,34.28,34.34,34.075,22900,34.529,31.75
2021-06-30,34.14,34.17,34.179,34.073,11100,34.519,31.79
2021-07-01,34.17,34.18,34.19,34.034,10200,34.503,31.83
2021-07-02,34.06,33.995,34.27,33.89,22100,34.487,31.869
2021-07-06,33.91,33.36,33.91,33.32,22800,34.449,31.906
2021-07-07,33.43,33.045,33.48,33.01,16500,34.4,31.942
2021-07-08,32.29,32.32,32.5,32.1,34000,34.334,31.977
2021-07-09,32.7,33.11,33.23,32.7,16100,34.279,32.015
2021-07-12,33,33.23,33.23,33,13100,34.224,32.056
2021-07-13,33.26,33.22,33.6,33.22,66900,34.181,32.097
2021-07-14,33.48,33.24,33.48,33.12,10800,34.137,32.138
2021-07-15,33.42,33.2,33.459,33.051,20800,34.1,32.176
2021-07-16,33.17,32.695,33.17,32.65,14500,34.052,32.212
2021-07-19,31.98,31.92,32.017,31.66,37800,33.984,32.243
2021-07-20,32.09,32.519,32.6,31.93,17500,33.922,32.275
2021-07-21,32.48,33.05,33.05,32.48,30500,33.886,32.31
2021-07-22,33.03,33.02,33.07,32.82,21800,33.855,32.344
2021-07-23,31.62,31.52,31.77,31.41,85600,33.809,32.369
2021-07-26,30.99,30.88,31.32,30.79,52500,33.756,32.39
2021-07-27,30.37,30.36,30.408,29.95,29100,33.677,32.407
2021-07-28,30.8,30.97,31.12,30.8,23500,33.607,32.426
2021-07-29,31.35,31.24,31.395,31.153,11000,33.545,32.443
2021-07-30,30.94,30.96,31.18,30.9,25800,33.48,32.461
2021-08-02,31.09,31.13,31.36,31.09,46800,33.408,32.48
2021-08-03,31.255,31.25,31.269,31,73700,33.343,32.501
2021-08-04,31.31,31.3,31.507,31.17,17200,33.285,32.521
2021-08-05,31.285,31.29,31.393,31.251,21400,33.219,32.543
2021-08-06,31.46,31.35,31.463,31.25,23300,33.156,32.563
2021-08-09,31.53,31.63,31.778,31.38,15000,33.097,32.584
2021-08-10,31.89,31.82,31.986,31.75,24800,33.041,32.606
2021-08-11,31.95,31.86,31.95,31.65,38600,32.975,32.628
2021-08-12,31.65,31.54,31.65,31.43,10100,32.906,32.65
2021-08-13,31.38,31.395,31.44,31.33,33600,32.846,32.673
2021-08-16,31.05,30.98,31.05,30.834,13600,32.775,32.697
2021-08-17,30.596,30.4,30.65,30.267,33700,32.695,32.716
2021-08-18,30.58,30.419,30.79,30.419,17100,32.619,32.737
2021-08-19,29.86,29.76,30.01,29.74,19800,32.534,32.752
2021-08-20,29.84,29.83,29.99,29.75,12300,32.445,32.766
2021-08-23,30,30.202,30.23,29.87,14200,32.364,32.778
2021-08-24,30.6,30.9,30.996,30.6,25900,32.294,32.791
2021-08-25,30.95,31.055,31.079,30.822,27000,32.232,32.803
2021-08-26,31.01,30.83,31.06,30.83,15000,32.174,32.812
2021-08-27,30.98,31.22,31.22,30.98,43000,32.131,32.826
2021-08-30,31.05,31.05,31.11,30.86,21500,32.094,32.838
2021-08-31,31.21,31.077,31.3,31.025,44900,32.049,32.852
2021-09-01,31.35,31.361,31.46,31.29,11600,32.009,32.865
2021-09-02,31.43,31.29,31.45,31.26,15100,31.963,32.875
2021-09-03,31.2,31.207,31.256,31.11,23500,31.906,32.885
2021-09-07,31.41,31.55,31.65,31.41,11900,31.85,32.897
2021-09-08,31.27,31.12,31.29,31.02,15300,31.786,32.906
2021-09-09,30.88,30.96,31.159,30.88,21800,31.72,32.914
2021-09-10,31.26,30.849,31.26,30.849,12300,31.653,32.92
2021-09-13,30.92,30.97,31.048,30.8,15800,31.589,32.924
2021-09-14,30.95,30.6,30.95,30.583,13200,31.521,32.927
2021-09-15,30.47,30.555,30.61,30.29,31900,31.465,32.929
2021-09-16,30.46,30.53,30.638,30.39,9800,31.415,32.934
2021-09-17,30.61,30.391,30.61,30.3,55300,31.376,32.936
2021-09-20,29.57,29.48,29.7,29.18,69200,31.304,32.935
2021-09-21,29.74,29.65,29.866,29.6,112800,31.232,32.933
2021-09-22,29.85,29.92,30.107,29.85,22700,31.166,32.932
2021-09-23,30.16,30.29,30.39,30.16,16400,31.107,32.934
2021-09-24,30.13,30.26,30.27,30.114,23900,31.048,32.934
2021-09-27,30.34,30.605,30.66,30.34,53700,31.006,32.938
2021-09-28,30.42,30.02,30.42,29.9,11800,30.968,32.937
2021-09-29,30.06,29.806,30.08,29.791,52000,30.914,32.937
2021-09-30,29.89,29.72,30.045,29.71,10300,30.847,32.937
2021-10-01,29.78,29.78,29.93,29.55,8500,30.783,32.936
2021-10-04,29.63,29.3,29.63,29.24,6500,30.738,32.931
2021-10-05,29.46,29.69,29.84,29.46,25700,30.714,32.928
2021-10-06,29.38,29.78,29.78,29.38,27800,30.703,32.927
2021-10-07,30.23,30.398,30.615,30.23,18500,30.691,32.928
2021-10-08,30.53,30.57,30.61,30.51,4800,30.678,32.931
2021-10-11,30.67,30.31,30.715,30.31,10200,30.665,32.93
2021-10-12,30.33,30.1,30.33,30.07,6900,30.644,32.93
2021-10-13,30.41,30.37,30.428,30.172,17200,30.627,32.931
2021-10-14,30.532,30.66,30.695,30.532,11800,30.614,32.933
2021-10-15,30.9,31.03,31.08,30.9,6400,30.609,32.934
2021-10-18,31.01,31.21,31.257,31.01,29600,30.606,32.937
2021-10-19,31.53,31.79,31.87,31.53,18500,30.609,32.943
2021-10-20,32.02,31.92,32.02,31.871,27100,30.611,32.947
2021-10-21,31.91,32.04,32.04,31.871,24100,30.615,32.951
2021-10-22,31.88,31.69,31.97,31.63,10600,30.618,32.952
2021-10-25,31.68,31.74,31.83,31.68,15600,30.625,32.95
2021-10-26,31.8,31.4,31.8,31.4,6900,30.633,32.948
2021-10-27,31.22,31.094,31.28,31.094,8400,30.647,32.944
2021-10-28,31.06,31.31,31.35,30.99,49300,30.665,32.941
2021-10-29,31,30.97,31.139,30.957,13900,30.689,32.934
2021-11-01,31.12,31.46,31.48,31.12,9400,30.722,32.931
2021-11-02,31.35,31.16,31.35,31.128,11200,30.741,32.923
2021-11-03,31.12,31.16,31.245,31.01,8500,30.746,32.914
2021-11-04,31.28,31.07,31.28,30.99,11400,30.746,32.904
2021-11-05,31.21,30.96,31.27,30.93,14600,30.749,32.895
2021-11-08,31.24,31.19,31.355,31.19,5200,30.748,32.886
2021-11-09,30.98,31.04,31.11,30.961,8300,30.748,32.879
2021-11-10,31.06,30.95,31.26,30.891,7500,30.746,32.875
2021-11-11,31.32,31.31,31.469,31.17,9600,30.745,32.872
2021-11-12,31.45,31.54,31.629,31.4,24000,30.75,32.872
2021-11-15,31.84,31.6,31.84,31.6,4300,30.757,32.869
2021-11-16,31.669,31.69,31.771,31.56,27900,30.76,32.864
2021-11-17,31.62,31.27,31.63,31.27,9200,30.763,32.856
2021-11-18,31.16,31.05,31.16,30.85,17800,30.765,32.844
2021-11-19,30.94,30.81,30.96,30.781,32700,30.764,32.83
2021-11-22,30.77,30.72,30.93,30.72,6300,30.759,32.814
2021-11-23,30.71,30.77,30.83,30.58,24800,30.763,32.798
2021-11-24,30.58,30.77,30.77,30.58,9900,30.767,32.78
2021-11-26,30.01,29.792,30.01,29.65,44200,30.752,32.756
2021-11-29,30.03,29.85,30.03,29.645,39600,30.741,32.731
2021-11-30,29.57,29.26,29.673,29.07,29000,30.737,32.702
2021-12-01,29.855,29.15,30.036,29.15,122500,30.727,32.672
2021-12-02,29.45,29.39,29.571,29.267,17600,30.716,32.644
2021-12-03,29.34,28.75,29.34,28.551,220800,30.685,32.613
2021-12-06,29,29.42,29.58,28.89,67400,30.669,32.588
2021-12-07,30.02,30.01,30.1,29.94,99600,30.657,32.566
2021-12-08,29.91,29.97,30.099,29.91,166000,30.656,32.542
2021-12-09,29.82,29.71,29.988,29.71,59100,30.654,32.523
2021-12-10,29.88,29.78,29.92,29.65,20500,30.655,32.504
2021-12-13,29.65,29.35,29.66,29.27,29700,30.646,32.478
2021-12-14,29.13,29.26,29.36,29.13,48400,30.646,32.453
2021-12-15,29.1,29.2,29.215,28.71,25400,30.636,32.428
2021-12-16,29.43,29.14,29.54,29.08,23100,30.623,32.407
2021-12-17,28.81,28.85,28.98,28.65,25300,30.592,32.381
2021-12-20,28.55,28.43,28.55,28.17,48000,30.549,32.356
2021-12-21,28.83,29.125,29.16,28.816,30000,30.526,32.33
2021-12-22,29,29.19,29.23,28.96,50300,30.507,32.306
2021-12-23,29.3,29.464,29.508,29.15,33600,30.489,32.28
2021-12-27,29.63,29.64,29.66,29.55,18200,30.469,32.255
2021-12-28,29.55,29.45,29.6,29.4,31900,30.437,32.23
2021-12-29,29.07,29.01,29.21,28.97,81000,30.393,32.204
2021-12-30,29,29.37,29.59,29,42200,30.345,32.177
2021-12-31,29.35,29.19,29.508,29.19,64600,30.29,32.152
2022-01-03,29.33,29.61,29.66,29.29,38400,30.242,32.128
2022-01-04,29.76,29.729,29.81,29.56,57700,30.202,32.105
2022-01-05,29.61,29.29,29.85,29.29,75400,30.153,32.084
2022-01-06,29.54,29.62,29.795,29.42,82700,30.118,32.063
2022-01-07,29.87,29.99,30.11,29.83,90700,30.096,32.042
2022-01-10,29.96,29.98,30.04,29.57,84600,30.069,32.023
2022-01-11,30.1,30.66,30.7,30.1,358900,30.063,32.009
2022-01-12,31.09,31.06,31.16,30.86,93200,30.055,31.996
2022-01-13,31.12,30.705,31.16,30.67,39800,30.046,31.981
2022-01-14,30.67,31.01,31.01,30.67,27500,30.043,31.964
2022-01-18,30.57,30.38,30.6,30.38,109600,30.029,31.942
2022-01-19,30.54,30.16,30.55,30.16,62700,30.013,31.919
2022-01-20,30.87,30.43,31.12,30.4,59500,29.998,31.898
2022-01-21,30.27,29.79,30.339,29.66,70200,29.973,31.873
2022-01-24,29.35,29.42,29.473,28.43,99900,29.942,31.846
2022-01-25,29,29.07,29.336,28.69,112200,29.898,31.817
2022-01-26,29.47,28.97,29.49,28.75,54700,29.846,31.788
2022-01-27,28.86,28.54,29.08,28.48,56100,29.785,31.757
2022-01-28,28.48,28.78,28.78,28.13,32500,29.727,31.725
2022-01-31,29.02,29.64,29.65,29.01,41100,29.694,31.697
2022-02-01,29.82,30,30.02,29.592,64500,29.673,31.672
2022-02-02,30.16,29.96,30.16,29.71,34500,29.656,31.648
2022-02-03,29.47,29.17,29.513,29.1,30500,29.625,31.619
2022-02-04,29.23,29.56,29.75,29.21,62900,29.601,31.593
2022-02-07,29.56,29.56,29.701,29.5,19700,29.577,31.564
2022-02-08,29.67,30.05,30.135,29.67,42700,29.582,31.537
2022-02-09,30.43,30.63,30.65,30.36,65600,29.597,31.512
2022-02-10,30.19,30.29,30.755,30.19,94100,29.618,31.484
2022-02-11,30.425,29.82,30.54,29.81,49900,29.631,31.454
2022-02-14,29.76,29.67,29.86,29.452,40400,29.637,31.425
2022-02-15,29.91,30.1,30.14,29.87,105700,29.664,31.398
2022-02-16,29.97,30.12,30.21,29.94,30400,29.678,31.374
2022-02-17,29.91,29.56,29.96,29.517,30800,29.669,31.346
2022-02-18,29.28,28.99,29.31,28.92,24800,29.649,31.315
2022-02-22,28.52,28.26,28.68,28.11,58800,29.62,31.278
2022-02-23,28.6,27.92,28.61,27.91,27500,29.583,31.243
2022-02-24,26.81,27.84,27.93,26.61,66700,29.553,31.209
2022-02-25,28.1,28.38,28.438,27.91,74400,29.535,31.182
2022-02-28,27.83,27.84,27.981,27.603,28800,29.508,31.154
2022-03-01,27.858,27.32,27.858,27.23,36600,29.472,31.119
2022-03-02,27.37,27.586,27.601,27.22,20100,29.447,31.084
2022-03-03,27.6,27.08,27.6,26.93,43900,29.42,31.048
2022-03-04,26.455,26.14,26.55,25.981,85000,29.36,31.008
2022-03-07,25.95,25.12,25.98,25.09,107600,29.278,30.96
2022-03-08,25.37,25.19,25.74,25.03,109700,29.193,30.913
2022-03-09,25.96,26.17,26.33,25.9,52000,29.124,30.873
2022-03-10,25.55,25.58,25.73,25.3,35500,29.046,30.828
2022-03-11,25.74,25.13,25.8,25.1,47600,28.969,30.781
2022-03-14,25.03,24.61,25.179,24.596,38700,28.873,30.731
2022-03-15,24.55,24.95,25.043,24.55,77400,28.789,30.683
2022-03-16,26.19,27.05,27.13,26.01,75800,28.737,30.642
2022-03-17,26.77,27.11,27.16,26.626,56700,28.685,30.603
2022-03-18,26.98,27.68,27.77,26.98,33000,28.653,30.569
2022-03-21,27.4,27.32,27.52,27.144,14200,28.607,30.533
2022-03-22,27.77,28.01,28.23,27.77,27831,28.567,30.501
2022-03-23,27.67,27.68,28.08,27.59,44872,28.521,30.469
2022-03-24,27.71,27.85,27.85,27.47,13539,28.465,30.438
2022-03-25,27.62,27.73,27.75,27.57,15966,28.398,30.405
2022-03-28,27.78,27.81,27.849,27.52,19910,28.341,30.373
2022-03-29,28.45,28.3,28.45,28.14,11170,28.286,30.342
2022-03-30,28.32,28.08,28.368,28.06,38103,28.24,30.312
2022-03-31,27.91,27.3,27.91,27.3,11226,28.183,30.28
2022-04-01,27.86,27.64,27.89,27.53,11347,28.127,30.251
2022-04-04,27.98,28.15,28.2,27.93,18833,28.095,30.227
2022-04-05,27.94,27.6,27.97,27.59,27809,28.058,30.199
2022-04-06,27.24,27.09,27.24,26.85,82863,28.019,30.167
2022-04-07,27.04,27.02,27.16,26.78,14754,27.98,30.135
2022-04-08,27.02,27.1,27.278,27.02,10121,27.951,30.1
2022-04-11,26.93,26.75,27.1,26.75,29834,27.91,30.062
2022-04-12,26.928,26.54,26.945,26.47,28176,27.848,30.023
2022-04-13,26.45,26.8,26.82,26.45,58902,27.784,29.985
2022-04-14,26.72,26.48,26.72,26.41,17429,27.715,29.947
2022-04-18,26.31,26.41,26.573,26.23,14752,27.659,29.908
2022-04-19,26.17,26.56,26.62,26.17,23464,27.599,29.871
2022-04-20,26.66,26.43,26.67,26.33,18329,27.537,29.836
2022-04-21,26.57,25.8,26.57,25.789,10765,27.452,29.8
2022-04-22,25.94,25.35,25.975,25.33,31403,27.346,29.765
2022-04-25,25.04,25.35,25.36,24.98,34709,27.247,29.726
2022-04-26,25.25,24.68,25.25,24.68,49511,27.145,29.684
2022-04-27,24.72,24.86,25.07,24.66,81911,27.048,29.642
2022-04-28,25.17,25.39,25.45,24.9,33783,26.954,29.603
2022-04-29,25.62,25.045,25.78,25.04,30399,26.853,29.562
2022-05-02,24.88,25.19,25.23,24.75,150109,26.765,29.524
2022-05-03,25.48,25.44,25.585,25.35,25651,26.694,29.492
2022-05-04,25.38,26,26.053,25.19,18165,26.649,29.459
2022-05-05,25.55,24.887,25.55,24.68,17691,26.588,29.419
2022-05-06,24.7,24.64,24.795,24.37,72419,26.524,29.377
2022-05-09,24.307,23.78,24.307,23.69,17307,26.432,29.338
2022-05-10,24.1,23.81,24.1,23.588,104075,26.352,29.303
2022-05-11,23.99,23.58,24.26,23.58,51836,26.277,29.269
2022-05-12,23.37,23.52,23.65,23.155,264934,26.196,29.231
2022-05-13,23.85,24.25,24.29,23.85,560612,26.139,29.196
2022-05-16,24.2,24.23,24.4,24.1,214971,26.101,29.163
2022-05-17,24.97,24.94,25.01,24.672,48093,26.097,29.132
2022-05-18,24.72,24.14,24.72,24.09,44900,26.076,29.096
2022-05-19,24.03,24.29,24.51,24.03,54355,26.039,29.061
2022-05-20,24.53,24.31,24.6,23.85,41587,26.013,29.026
2022-05-23,24.43,24.67,24.701,24.38,23388,26.004,28.993
2022-05-24,24.24,24.04,24.24,23.83,21187,25.993,28.955
2022-05-25,24.01,24.32,24.409,24.01,36800,25.98,28.918
2022-05-26,24.69,24.99,25.05,24.68,39502,25.939,28.883
2022-05-27,25.2,25.42,25.42,25.11,16411,25.905,28.853
2022-05-31,25.65,25.57,25.76,25.51,29502,25.863,28.823
2022-06-01,25.711,25.36,25.711,25.16,25761,25.824,28.795
2022-06-02,25.42,25.9,25.9,25.32,35876,25.781,28.773
2022-06-03,25.61,25.35,25.62,25.34,12972,25.735,28.748
2022-06-06,25.92,25.77,26.03,25.71,16188,25.693,28.728
2022-06-07,25.58,25.99,26.02,25.58,23804,25.658,28.708
2022-06-08,26.02,26.13,26.18,25.96,20844,25.625,28.688
2022-06-09,25.86,25.31,25.86,25.25,11476,25.565,28.66
2022-06-10,24.97,24.58,24.98,24.51,22221,25.495,28.628
2022-06-13,23.83,23.47,23.93,23.43,30098,25.418,28.591
2022-06-14,23.72,23.6,23.84,23.45,79404,25.338,28.553
2022-06-15,24,24.22,24.435,23.871,41618,25.259,28.519
2022-06-16,23.56,23.41,23.56,23.25,30102,25.175,28.48
2022-06-17,23.85,23.7,23.85,23.47,13506,25.107,28.442
2022-06-21,24.07,24.1,24.225,23.99,17441,25.049,28.406
2022-06-22,23.61,23.71,23.95,23.61,51742,24.981,28.369
2022-06-23,23.81,23.835,23.907,23.575,19097,24.923,28.33
2022-06-24,24.21,24.68,24.68,24.21,12072,24.886,28.298
2022-06-27,25.08,24.917,25.08,24.86,8155,24.848,28.268
2022-06-28,25.15,24.572,25.15,24.57,9165,24.81,28.236
2022-06-29,24.53,24.49,24.55,24.331,13106,24.772,28.204
2022-06-30,24.12,24.15,24.305,23.851,55786,24.723,28.172
2022-07-01,24.04,24.38,24.44,24.03,17177,24.682,28.141
2022-07-05,23.9,24.34,24.34,23.77,15922,24.653,28.11
2022-07-06,24.03,24.1,24.209,23.88,26302,24.628,28.078
2022-07-07,24.48,24.78,24.84,24.48,12884,24.617,28.055
2022-07-08,24.55,24.59,24.76,24.49,17406,24.615,28.029
2022-07-11,24.02,23.955,24.067,23.94,13396,24.597,28
2022-07-12,23.99,23.92,24.23,23.91,7806,24.567,27.968
2022-07-13,23.58,23.866,23.98,23.57,23049,24.544,27.936
2022-07-14,23.5,23.461,23.5,23.25,23015,24.509,27.9
2022-07-15,23.55,23.793,23.81,23.55,20224,24.476,27.869
2022-07-18,24.31,24.096,24.45,24.045,18351,24.438,27.84
2022-07-19,24.424,24.726,24.74,24.424,22727,24.435,27.815
2022-07-20,24.7,24.816,24.87,24.63,14183,24.439,27.791
2022-07-21,24.84,24.943,24.943,24.695,7840,24.462,27.769
2022-07-22,24.89,24.448,24.89,24.33,26028,24.475,27.743
2022-07-25,24.67,24.651,24.73,24.52,23986,24.496,27.717
2022-07-26,24.54,24.38,24.54,24.35,27452,24.513,27.687
2022-07-27,24.61,24.89,24.969,24.58,6523,24.526,27.658
2022-07-28,24.85,24.93,24.93,24.45,72524,24.54,27.632
2022-07-29,24.59,24.825,24.83,24.59,37560,24.538,27.605
2022-08-01,24.643,24.66,24.74,24.54,11438,24.548,27.577
2022-08-02,24.475,24.562,24.78,24.47,75711,24.554,27.546
2022-08-03,24.65,24.92,24.96,24.65,49200,24.566,27.516
2022-08-04,25.18,25.126,25.24,25.05,24467,24.575,27.485
2022-08-05,24.89,24.98,24.996,24.872,11093,24.594,27.451
2022-08-08,25.05,24.93,25.15,24.861,57085,24.606,27.416
2022-08-09,24.8,24.759,24.8,24.68,10512,24.601,27.38
2022-08-10,25.06,25.25,25.307,25.06,33092,24.598,27.348
2022-08-11,25.44,25.46,25.8,25.39,48389,24.596,27.316
2022-08-12,25.55,25.772,25.82,24.331,33208,24.604,27.288
2022-08-15,25.545,25.625,25.63,25.46,16287,24.598,27.261
2022-08-16,25.46,25.69,25.72,25.46,53959,24.605,27.233
2022-08-17,25.34,25.4,25.52,25.24,32073,24.598,27.205
2022-08-18,25.28,25.27,25.36,25.165,14909,24.583,27.174
2022-08-19,25.09,24.95,25.09,24.871,30148,24.56,27.143
2022-08-22,24.74,24.54,24.74,24.49,16149,24.544,27.11
2022-08-23,24.54,24.68,24.735,24.5,25696,24.546,27.078
2022-08-24,24.641,24.825,24.9,24.641,21536,24.573,27.047
2022-08-25,25.1,25.456,25.5,25.08,21533,24.611,27.018
2022-08-26,25.68,24.83,25.68,24.81,21976,24.623,26.987
2022-08-29,24.73,24.71,24.89,24.65,24141,24.649,26.956
2022-08-30,24.78,24.342,24.78,24.26,27458,24.662,26.921
2022-08-31,24.58,24.39,24.61,24.39,11242,24.667,26.886
2022-09-01,24.18,24.18,24.22,23.88,35167,24.677,26.848
2022-09-02,24.46,24.11,24.61,23.99,15590,24.682,26.811
2022-09-06,24.17,23.825,24.17,23.135,42140,24.665,26.773
2022-09-07,23.74,24.172,24.176,23.74,6883,24.65,26.739
2022-09-08,23.96,24.279,24.336,23.96,40055,24.644,26.706
2022-09-09,24.66,24.94,24.94,24.66,9544,24.653,26.677
2022-09-12,25.06,25.205,25.26,25.06,87897,24.675,26.65
2022-09-13,24.55,24.09,24.62,24.09,35509,24.669,26.616
2022-09-14,24.14,24.115,24.21,23.96,29854,24.664,26.588
2022-09-15,24.02,24.099,24.301,24.02,21648,24.664,26.559
2022-09-16,23.69,23.77,23.87,23.64,63475,24.644,26.532
2022-09-19,23.52,23.96,23.96,23.52,16105,24.631,26.506
2022-09-20,23.83,23.7,23.86,23.575,71015,24.626,26.477
2022-09-21,23.6,23.23,23.77,23.22,24808,24.613,26.45
2022-09-22,23.26,23.01,23.26,22.95,15174,24.595,26.417
2022-09-23,22.59,22.37,22.59,22.22,154668,24.574,26.379
2022-09-26,22.5,22.23,22.56,22.2,71417,24.542,26.341
2022-09-27,22.48,22.19,22.59,22.02,34890,24.504,26.303
2022-09-28,22.05,22.56,22.624,21.9,45422,24.461,26.267
2022-09-29,22.15,22.07,22.19,21.86,38568,24.406,26.23
2022-09-30,22.04,21.91,22.36,21.91,667157,24.345,26.194
2022-10-03,22.02,22.31,22.42,21.89,31730,24.303,26.159
2022-10-04,22.8,23.2,23.26,22.8,54055,24.274,26.13
2022-10-05,23.1,23.08,23.2,22.826,22163,24.248,26.101
2022-10-06,23.03,22.98,23.24,22.93,32043,24.209,26.073
2022-10-07,22.71,22.41,22.76,22.39,31340,24.159,26.04
2022-10-10,22.33,22.11,22.34,21.99,14230,24.105,26.005
2022-10-11,21.92,21.82,22.12,21.6,37309,24.048,25.966
2022-10-12,21.77,21.827,21.91,21.77,27199,23.993,25.927
2022-10-13,21.25,22.21,22.22,21.2,40545,23.939,25.891
2022-10-14,22.48,21.79,22.48,21.42,29512,23.872,25.855
2022-10-17,22.41,22.37,22.47,22.31,39600,23.82,25.82
2022-10-18,22.78,22.49,22.83,22.32,10270,23.771,25.786
2022-10-19,22.16,22.01,22.31,21.77,31570,23.716,25.748
2022-10-20,22.183,22.04,22.432,21.94,48554,23.652,25.71
2022-10-21,21.9,22.31,22.35,21.8,37369,23.589,25.675
2022-10-24,21.7,21.61,21.91,21.33,42784,23.506,25.635
2022-10-25,21.72,22.07,22.11,21.7,30209,23.435,25.595
2022-10-26,22.01,22.32,22.53,22.01,40268,23.367,25.557
2022-10-27,22.13,21.99,22.354,21.961,7989,23.299,25.514
2022-10-28,21.81,22.14,22.14,21.76,22672,23.237,25.469
2022-10-31,22.05,22.06,22.125,21.945,26712,23.179,25.426
2022-11-01,22.56,22.39,22.62,22.2,31884,23.136,25.383
2022-11-02,22.34,21.97,22.53,21.855,35121,23.082,25.341
2022-11-03,21.71,21.78,21.98,21.65,17836,23.021,25.299
2022-11-04,22.325,22.64,22.64,22.325,21262,22.964,25.26
2022-11-07,22.87,23.09,23.11,22.845,12308,22.929,25.226
